Address,lat,lng
"Meadville, PA 16335",41.6414438,-80.15144839999999
"Sioux Falls, SD 57197",43.5249027,-96.7380257
"Waco, TX 76798",31.5470221,-97.12432869999999
"Mt Berry, GA 30149",34.29039,-85.1802699
"Bridgewater, MA 02325",41.9865159,-70.9728396
"Provo, UT 84602",40.2524308,-111.6502622
"Fullerton, CA 92831",33.881922,-117.8956062
"Pittsburgh, PA 15213",40.4379259,-79.9556424
"Durham, NC 27708",35.9992263,-78.94720889999999
"Fort Myers, FL 33965",26.4588273,-81.7622951
"Fairfax, VA 22030",38.84622359999999,-77.30637329999999
"Fairfax, VA 22030",38.84622359999999,-77.30637329999999
"Fairfax, VA 22030",38.84622359999999,-77.30637329999999
"Statesboro, GA 30460",32.4259367,-81.7828033
"Tiffin, OH 44883",41.1144992,-83.1779746
"Arcata, CA 95521",40.8665166,-124.0828396
"East Peoria, IL 61635",40.7,-89.52
"Huntingdon, PA 16652",40.5087323,-77.9510209
"Farmville, VA 23909",37.3008211,-78.3952431
"Middlebury, VT 05753",44.0153371,-73.16734
"Mississippi State, MS 39762",33.45622,-88.79570799999999
"Bozeman, MT 59717",45.6603986,-111.0451818
"Bozeman, MT 59717",45.6603986,-111.0451818
"Las Vegas, NM 87701",35.5942137,-105.2227978
"Las Vegas, NM 87701",35.5942137,-105.2227978
"Raleigh, NC 27695",35.7850545,-78.68194489999999
"Columbus, OH 43210",39.9990626,-83.01733860000002
"Corvallis, OR 97331",44.5642722,-123.2785942
"Providence, RI 02918",41.84267029999999,-71.4402467
"Virginia Beach, VA 23464",36.7973473,-76.18996609999999
"Winter Park, FL 32789",28.5950986,-81.3509416
"Buffalo, NY 14260",42.8711,-78.8593199
"Rochester, NY 14618",43.1156031,-77.55621
"Sparkill, NY 10976",41.0299672,-73.9282607
"San Jose, CA 95192",37.34,-121.88
"Santa Clara, CA 95053",37.348667,-121.936645
"San Marcos, TX 78666",29.8942825,-97.9810845
"Birmingham, AL 35294",33.5075555,-86.8093239
"Santa Barbara, CA 93106",34.4135868,-119.8496976
"Edmond, OK 73034",35.7085641,-97.4165053
"Newark, DE 19716",39.6673566,-75.75023139999999
"St Louis, MO 63121",38.7102377,-90.3042778
"Omaha, NE 68182",41.2453849,-96.01895999999999
"Grand Forks, ND 58202",47.9536762,-97.1683543
"San Francisco, CA 94117",37.7717185,-122.4438929
"Knoxville, TN 37996",35.9433558,-83.93869910000001
"Burlington, VT 05405",44.4739489,-73.1943038
"Menomonie, WI 54751",44.8755183,-91.9193422
"Collegeville, PA 19426",40.1856597,-75.451571
"Lexington, VA 24450",37.78402080000001,-79.4428157
"Lexington, VA 24450",37.78402080000001,-79.4428157
"Blacksburg, VA 24061",37.22094939999999,-80.42280099999999
"Morgantown, WV 26506",39.654181,-79.9594886
"Morgantown, WV 26506",39.654181,-79.9594886
"Bellingham, WA 98225",48.7562157,-122.4894588
"Wheaton, IL 60187",41.8745267,-88.1193763
"Walla Walla, WA 99362",46.0645809,-118.3430208
"Spokane, WA 99251",47.75285479999999,-117.4481445
"Spokane, WA 99251",47.75285479999999,-117.4481445
"Wilmington, OH 45177",39.4457756,-83.804868
"Dayton, OH 45435",39.6710014,-84.1876983
"York, PA 17403",39.9625984,-76.727745
"York, PA 17403",39.9625984,-76.727745
"Auburn, AL 36849",32.5909562,-85.49297849999999
"Waco, TX 76798",31.5470221,-97.12432869999999
"Bloomington, IN 47405",39.1714266,-86.51860219999999
"Las Cruces, NM 88003",32.2777551,-106.7455792
"Houston, TX 77005",29.7183467,-95.4306141
"Glassboro, NJ 08028",39.7017383,-75.11951069999999
"Philadelphia, PA 19131",39.9915379,-75.21873459999999
"Orlando, FL 32816",28.6013431,-81.20092869999999
"Orlando, FL 32816",28.6013431,-81.20092869999999
"Colorado Springs, CO 80918",38.9043608,-104.7637619
"Urbana, IL 61801",40.1059233,-88.2120315
"Louisville, KY 40292",38.21692609999999,-85.7624992
"Asheville, NC 28804",35.6304783,-82.5510469
"Columbia, SC 29208",33.9963052,-81.027157
"Winston-Salem, NC 27109",36.1341553,-80.2781262
"Fulton, MO 65251",38.84670819999999,-91.94795859999999
"Thousand Oaks, CA 91360",34.2024698,-118.8741429
"Ypsilanti, MI 48197",42.2411499,-83.61299389999999
"Ypsilanti, MI 48197",42.2411499,-83.61299389999999
"Rolla, MO 65409",37.9552246,-91.7727479
"Boston, MA 02115",42.339904,-71.0898892
"De Pere, WI 54115",44.4488805,-88.0603806
"Dearborn, MI 48128",42.3197827,-83.27735899999999
"Hattiesburg, MS 39406",31.32884159999999,-89.3315894
"La Crosse, WI 54601",43.8041647,-91.15449629999999
"Milwaukee, WI 53201",43.03,-87.92
"Menomonie, WI 54751",44.8755183,-91.9193422
"Detroit, MI 48202",42.3664506,-83.0737195
"Kansas City, MO 64145",38.8817227,-94.5985613
"Laie, HI 96762",21.6482858,-157.9225549
"Pittsburgh, PA 15213",40.4379259,-79.9556424
"Mt Pleasant, MI 48859",43.5907792,-84.7788786
"Conway, SC 29528",33.84,-79.05
"Harrisonburg, VA 22807",38.43159929999999,-78.8651581
"New York, NY 10019",40.7686973,-73.9918181
"Baltimore, MD 21210",39.3566383,-76.6354952
"Lebanon, IL 62254",38.6039375,-89.80731949999999
"Dubois, PA 15801",41.1210115,-78.7583257
"Claremont, CA 91711",34.1707374,-117.702148
"Manchester, NH 03106",43.0802842,-71.4536835
"Urbana, IL 61801",40.1059233,-88.2120315
"College Park, MD 20742",38.9908487,-76.944141
"University, MS 38677",34.367641,-89.5391483
"Stevens Point, WI 54481",44.52357920000001,-89.574563
"Stevens Point, WI 54481",44.52357920000001,-89.574563
"Nevada, MO 64772",37.83920519999999,-94.3546719
"Romeoville, IL 60446",41.63541540000001,-88.099845
"Cambridge, MA 02139",42.36475590000001,-71.1032591
"Louisville, KY 40292",38.21692609999999,-85.7624992
"Charlotte, NC 28223",35.3064021,-80.7332216
"Tampa, FL 33620",28.0634666,-82.4129729
"Tacoma, WA 98402",47.2529105,-122.4417426
"Carrollton, GA 30118",33.5718188,-85.098004
"West Chester, PA 19383",39.9506815,-75.60116719999999
"Salt Lake City, UT 84105",40.7345053,-111.8628205
"Savannah, GA 31419",31.9708128,-81.15865149999999
"Ithaca, NY 14853",42.4467049,-76.48305789999999
"Daytona Beach, FL 32114",29.1987957,-81.04234290000001
"Des Moines, IA 50316",41.6099344,-93.596457
"Richmond, IN 47374",39.8289369,-84.8902382
"Potsdam, NY 13676",44.6697805,-74.9813084
"Charlotte, NC 28223",35.3064021,-80.7332216
"Tyler, TX 75799",32.31651,-95.25146850000002
"Charlottesville, VA 22904",38.0340277,-78.510016
"New York, NY 10010",40.7388319,-73.98153370000001
"Clemson, SC 29634",34.680476,-82.8391552
"Clemson, SC 29634",34.680476,-82.8391552
"Elon, NC 27244",36.09827620000001,-79.5115433
"Elon, NC 27244",36.09827620000001,-79.5115433
"Washington, DC 20052",38.8993373,-77.0485308
"Ames, IA 50011",42.0288663,-93.64803069999999
"Decorah, IA 52101",43.30330559999999,-91.7857092
"Bronx, NY 10471",40.8971509,-73.9065883
"Marquette, MI 49855",46.5436199,-87.3953713
"Nashville, TN 37209",36.1484862,-86.9523954
"Gainesville, FL 32611",29.6130239,-82.371937
"Moscow, ID 83844",46.7258512,-117.0125641
"Los Angeles, CA 90089",34.0220127,-118.2892046
"Tampa, FL 33606",27.926156,-82.4563199
"Orem, UT 84058",40.2814786,-111.7733902
"Fitchburg, MA 01420",42.5834228,-71.8022955
"Baton Rouge, LA 70803",30.41,-91.17999999999999
"Fort Lauderdale, FL 33314",26.0695412,-80.22655449999999
"Indianola, IA 50125",41.3580484,-93.5574376
"Hilo, HI 96720",19.7241106,-155.0868193
"Lowell, MA 01854",42.6460285,-71.3646236
"Chicago, IL 60605",41.8703314,-87.62357420000001
"New York, NY 10021",40.7700703,-73.9580246
"Houghton, MI 49931",47.0979653,-88.5606025
"Monmouth, IL 61462",40.9114271,-90.64735759999999
"Des Plaines, IL 60016",42.0488548,-87.8844309
"Des Plaines, IL 60016",42.0488548,-87.8844309
"Pittsburgh, PA 15222",40.4475255,-79.9933976
"Cookeville, TN 38505",36.1755178,-85.5039271
"Denver, CO 80217",39.790486,-104.9000469
"Duluth, MN 55812",46.80905019999999,-92.0695841
"Utica, NY 13502",43.100903,-75.232664
"Nashville, TN 37212",36.1390165,-86.7969244
"Nashville, TN 37212",36.1390165,-86.7969244
"Nashville, TN 37212",36.1390165,-86.7969244
"Hays, KS 67601",38.8791783,-99.3267702
"University Park, IL 60484",41.4437991,-87.7221872
"University Park, IL 60484",41.4437991,-87.7221872
"Maryville, TN 37804",35.7830899,-83.91089680000002
"Monmouth, OR 97361",44.8484524,-123.2339888
"Monmouth, OR 97361",44.8484524,-123.2339888
"Ellensburg, WA 98926",46.9965144,-120.5478474
"Moorhead, MN 56562",46.8610165,-96.7750468
"Hays, KS 67601",38.8791783,-99.3267702
"East Lansing, MI 48824",42.724305,-84.4796047
"New York, NY 10003",40.7322535,-73.9874105
"Pleasantville, NY 10570",41.1333371,-73.7924152
"Augusta, ME 04330",44.3106241,-69.7794897
"West Point, NY 10996",41.39205,-73.9712488
"Riverside, CA 92504",33.9012386,-117.3910247
"Hamilton, NY 13346",42.8270136,-75.5446238
"New Haven, CT 06515",41.3266814,-72.9637728
"Marietta, GA 30060",33.9488147,-84.53794549999999
"Colorado Springs, CO 80918",38.9043608,-104.7637619
"Youngstown, OH 44555",41.1078563,-80.6458715
"Pleasantville, NY 10570",41.1333371,-73.7924152
"University Center, MI 48710",43.5595162,-83.99447769999999
"North Dartmouth, MA 02747",41.640396,-70.9694555
"Northridge, CA 91330",34.2489458,-118.5258067
"River Forest, IL 60305",41.8940762,-87.8205864
"Frostburg, MD 21532",39.6581424,-78.92835699999999
"Decatur, IL 62522",39.8231401,-89.0466016
"Brooklyn, NY 11201",40.6986772,-73.9859414
"East Peoria, IL 61635",40.7,-89.52
"San Marcos, CA 92069",33.1630271,-117.1617685
"Waukesha, WI 53188",43.0165459,-88.29476749999999
"Atlanta, GA 30332",33.7700012,-84.3811458
"Baltimore, MD 21217",39.3056685,-76.6354952
"Rochester, NY 14623",43.0915814,-77.6421577
"Augusta, GA 30904",33.4775837,-82.013465
"Kent, OH 44242",41.15375,-81.35127
"Beaumont, TX 77710",30.0498772,-94.0798435
"Bronx, NY 10471",40.8971509,-73.9065883
"Rockville Centre, NY 11571",40.6599999,-73.65
"Albany, NY 12222",42.6907733,-73.8279381
"North Dartmouth, MA 02747",41.640396,-70.9694555
"Platteville, WI 53818",42.73416,-90.4784621
"Platteville, WI 53818",42.73416,-90.4784621
"Goshen, IN 46526",41.5471471,-85.8690933
"Tuscaloosa, AL 35487",33.207199,-87.5482025
"Ann Arbor, MI 48109",42.3053253,-83.6694169
"Lexington, VA 24450",37.78402080000001,-79.4428157
"Azusa, CA 91702",34.1336186,-117.9075627
"Washington, DC 20052",38.8993373,-77.0485308
"Canyon, TX 79016",34.9808062,-101.9155523
"Chicago, IL 60605",41.8703314,-87.62357420000001
"Johnson City, TN 37614",36.30409,-82.36247
"Cambridge, MA 02139",42.36475590000001,-71.1032591
"Cambridge, MA 02139",42.36475590000001,-71.1032591
"Baltimore, MD 21251",39.34602659999999,-76.5827767
"Athens, GA 30602",33.954258,-83.37493219999999
"Knoxville, TN 37996",35.9433558,-83.93869910000001
"Fulton, MO 65251",38.84670819999999,-91.94795859999999
"Portland, OR 97207",45.5211732,-122.6806194
"Newberry, SC 29108",34.2745833,-81.6187178
"New Orleans, LA 70118",29.9450835,-90.1261013
"Tuscaloosa, AL 35487",33.207199,-87.5482025
"Salt Lake City, UT 84105",40.7345053,-111.8628205
"Baltimore, MD 21251",39.34602659999999,-76.5827767
"Claremont, CA 91711",34.1707374,-117.702148
"Richmond, VA 23284",37.5481822,-77.4533454
"New Britain, CT 06050",41.6645208,-72.7784261
"Palatine, IL 60067",42.1112958,-88.0607565
"Geneva, NY 14456",42.8679836,-76.985557
"Eugene, OR 97405",44.0520691,-123.0867536
"University Park, PA 16802",40.8084075,-77.8638835
"Memphis, TN 38104",35.1323787,-90.004663
"The Woodlands, TX 77381",30.1704912,-95.509247
"Bemidji, MN 56601",47.471573,-94.8826861
"Haverford, PA 19041",40.0022406,-75.3208107
"Bluffton, SC 29909",32.3319107,-80.8875861
"Monmouth, OR 97361",44.8484524,-123.2339888
"New York, NY 10023",40.7769059,-73.9800645
"Little Rock, AR 72204",34.7179437,-92.3714901
"Los Altos Hills, CA 94022",37.3694009,-122.1405413
"Monmouth, IL 61462",40.9114271,-90.64735759999999
"Stillwater, OK 74078",36.1198996,-97.0888415
"Kansas City, MO 64110",39.0362552,-94.57533939999999
"Reno, NV 89557",39.5445866,-119.8167317
"Stockton, CA 95211",37.9794321,-121.3141847
"Bristol, RI 02809",41.6771101,-71.26620249999999
"Weatherford, OK 73096",35.5261633,-98.7075744
"Dallas, PA 18612",41.3361911,-75.9632546
"Amherst, MA 01003",42.3956556,-72.52196169999999
"Duluth, MN 55812",46.80905019999999,-92.0695841
"Saratoga Springs, NY 12866",43.0831301,-73.7845651
"Philadelphia, PA 19122",39.9795244,-75.145782
"College Park, MD 20742",38.9908487,-76.944141
"Muncie, IN 47306",40.1984632,-85.4136959
"Muncie, IN 47306",40.1984632,-85.4136959
"Rockville Centre, NY 11571",40.6599999,-73.65
"New York, NY 10003",40.7322535,-73.9874105
"Mobile, AL 36688",30.6954595,-88.174414
"Philadelphia, PA 19102",39.9556241,-75.1647529
"Albany, NY 12222",42.6907733,-73.8279381
"Fitchburg, MA 01420",42.5834228,-71.8022955
"Dayton, OH 45469",39.7395406,-84.1787904
"Muncie, IN 47306",40.1984632,-85.4136959
"Erie, PA 16563",42.1090649,-79.9822126
"College Station, TX 77843",30.6096445,-96.33959209999999
"Russellville, AR 72801",35.2785177,-93.1428341
"Savannah, GA 31419",31.9708128,-81.15865149999999
"Azusa, CA 91702",34.1336186,-117.9075627
"Bridgewater, MA 02325",41.9865159,-70.9728396
"Provo, UT 84602",40.2524308,-111.6502622
"San Luis Obispo, CA 93407",35.3041998,-120.6631289
"Fort Collins, CO 80523",40.5702631,-105.0903456
"Fort Collins, CO 80523",40.5702631,-105.0903456
"Nevada, MO 64772",37.83920519999999,-94.3546719
"Daytona Beach, FL 32114",29.1987957,-81.04234290000001
"Fort Myers, FL 33965",26.4588273,-81.7622951
"Fort Myers, FL 33965",26.4588273,-81.7622951
"Milledgeville, GA 31061",33.0801429,-83.2320991
"Atlanta, GA 30302",33.75,-84.39999999999999
"Statesboro, GA 30460",32.4259367,-81.7828033
"Statesboro, GA 30460",32.4259367,-81.7828033
"Geneva, NY 14456",42.8679836,-76.985557
"Bloomington, IN 47405",39.1714266,-86.51860219999999
"Bethlehem, PA 18015",40.5967701,-75.3761952
"Farmville, VA 23909",37.3008211,-78.3952431
"Baltimore, MD 21210",39.3566383,-76.6354952
"Milwaukee, WI 53201",43.03,-87.92
"Detroit, MI 48221",42.4349152,-83.15417959999999
"Oxford, OH 45056",39.5069974,-84.74523099999999
"Rockville Centre, NY 11571",40.6599999,-73.65
"Bethlehem, PA 18018",40.6238902,-75.3936808
"Oberlin, OH 44074",41.2939386,-82.21737859999999
"University Park, PA 16802",40.8084075,-77.8638835
"Providence, RI 02918",41.84267029999999,-71.4402467
"West Lafayette, IN 47907",40.4401775,-86.9261008
"San Diego, CA 92182",32.7759882,-117.072053
"San Jose, CA 95192",37.34,-121.88
"San Jose, CA 95192",37.34,-121.88
"San Jose, CA 95192",37.34,-121.88
"Santa Clara, CA 95053",37.348667,-121.936645
"Edwardsville, IL 62026",38.7928034,-89.9953376
"College Station, TX 77843",30.6096445,-96.33959209999999
"Denton, TX 76204",33.2105565,-97.1303057
"Davis, CA 95616",38.5449065,-121.7405167
"Santa Barbara, CA 93106",34.4135868,-119.8496976
"Cincinnati, OH 45221",39.1325305,-84.5095304
"Colorado Springs, CO 80918",38.9043608,-104.7637619
"Evansville, IN 47722",37.9700012,-87.5422973
"Urbana, IL 61801",40.1059233,-88.2120315
"Lawrence, KS 66045",38.9499492,-95.2658318
"College Park, MD 20742",38.9908487,-76.944141
"Amherst, MA 01003",42.3956556,-72.52196169999999
"Lincoln, NE 68588",40.818253,-96.69522540000001
"Durham, NH 03824",43.13396789999999,-70.9264635
"Columbia, SC 29208",33.9963052,-81.027157
"Columbia, SC 29208",33.9963052,-81.027157
"Hattiesburg, MS 39406",31.32884159999999,-89.3315894
"Austin, TX 78712",30.2835151,-97.73488049999999
"Salt Lake City, UT 84112",40.7652201,-111.8419536
"Menomonie, WI 54751",44.8755183,-91.9193422
"Lexington, VA 24450",37.78402080000001,-79.4428157
"Blacksburg, VA 24061",37.22094939999999,-80.42280099999999
"Crawfordsville, IN 47933",40.0411536,-86.87445160000001
"Winston-Salem, NC 27109",36.1341553,-80.2781262
"Detroit, MI 48282",42.331427,-83.0457538
"Bloomsburg, PA 17815",41.003698,-76.4549457
"Durham, NC 27708",35.9992263,-78.94720889999999
"Manhattan, KS 66506",39.1998042,-96.581008
"Burlington, VT 05402",44.4799999,-73.2099999
"New York, NY 10031",40.8270209,-73.9506774
"Clemson, SC 29634",34.680476,-82.8391552
"Conway, SC 29528",33.84,-79.05
"Emmitsburg, MD 21727",39.7045417,-77.32693069999999
"Henderson, NV 89002",35.9607337,-114.939821
"Stillwater, OK 74078",36.1198996,-97.0888415
"Norfolk, VA 23529",36.8860765,-76.30805699999999
"Norfolk, VA 23529",36.8860765,-76.30805699999999
"Tacoma, WA 98447",47.1427431,-122.4407344
"Springfield, IL 62703",39.764682,-89.6345796
"Baltimore, MD 21250",39.2546062,-76.71200639999999
"Chico, CA 95929",39.735769,-121.8504463
"Newport News, VA 23606",37.0672839,-76.514138
"Philadelphia, PA 19130",39.9682609,-75.1749671
"Houghton, MI 49931",47.0979653,-88.5606025
"Durham, NC 27707",35.9530958,-78.9571069
"Juneau, AK 99801",58.3019444,-134.4197221
"Houston, TX 77058",29.5642078,-95.09110620000001
"Chicago, IL 60607",41.8733696,-87.650714
"Norman, OK 73019",35.1879507,-97.4421919
"Pittsburgh, PA 15260",40.4424402,-79.95319479999999
"Kingston, RI 02881",41.4787737,-71.5219477
"Tampa, FL 33606",27.926156,-82.4563199
"Logan, UT 84322",41.6577331,-111.8434441
"Laie, HI 96762",21.6482858,-157.9225549
"Long Beach, CA 90840",33.7838081,-118.1206801
"Elgin, IL 60123",42.0361546,-88.314212
"Florence, SC 29502",34.1955465,-79.8024289
"Florence, SC 29502",34.1955465,-79.8024289
"Ames, IA 50011",42.0288663,-93.64803069999999
"New York, NY 10004",40.7038704,-74.0138541
"Houghton, MI 49931",47.0979653,-88.5606025
"Sarasota, FL 34243",27.4081935,-82.52940650000001
"Dayton, OH 45469",39.7395406,-84.1787904
"University Park, PA 16802",40.8084075,-77.8638835
"Cleveland, OH 44115",41.4963405,-81.6719914
"Amherst, NY 14226",42.97900670000001,-78.792272
"Ames, IA 50011",42.0288663,-93.64803069999999
"Maryville, MO 64468",40.3461017,-94.8724706
"Maryville, MO 64468",40.3461017,-94.8724706
"Atlanta, GA 30314",33.7539971,-84.412014
"Swarthmore, PA 19081",39.9020565,-75.3499123
"Lubbock, TX 79409",33.5886439,-101.8820434
"Springfield, IL 62703",39.764682,-89.6345796
"La Crosse, WI 54601",43.8041647,-91.15449629999999
"New York, NY 10010",40.7388319,-73.98153370000001
"Lakeland, FL 33801",28.0486111,-81.89890799999999
"Boone, NC 28608",36.2139148,-81.6795209
"New Britain, CT 06050",41.6645208,-72.7784261
"Newport News, VA 23606",37.0672839,-76.514138
"Center Valley, PA 18034",40.5294058,-75.3936935
"New York, NY 10001",40.75368539999999,-73.9991637
"Nacogdoches, TX 75962",31.6031841,-94.6550321
"Berkeley, CA 94720",37.87015100000001,-122.2594606
"Louisville, KY 40292",38.21692609999999,-85.7624992
"Augusta, ME 04330",44.3106241,-69.7794897
"Reno, NV 89557",39.5445866,-119.8167317
"El Paso, TX 79968",31.77016069999999,-106.5047596
"West Chester, PA 19383",39.9506815,-75.60116719999999
"Elon, NC 27244",36.09827620000001,-79.5115433
"Indiana, PA 15705",40.61757610000001,-79.1583807
"Indiana, PA 15705",40.61757610000001,-79.1583807
"Syracuse, NY 13244",43.04782609999999,-76.1432291
"Northridge, CA 91330",34.2489458,-118.5258067
"Fargo, ND 58108",46.88,-96.78999999999999
"Southfield, MI 48075",42.4595697,-83.2398943
"Laramie, WY 82071",41.3125068,-105.5855777
"Muncie, IN 47306",40.1984632,-85.4136959
"New York, NY 10010",40.7388319,-73.98153370000001
"Hanover, NH 03755",43.70195830000001,-72.2889045
"Sioux Center, IA 51250",43.0797991,-96.1756935
"Jersey City, NJ 07305",40.7008528,-74.0887576
"New York, NY 10003",40.7322535,-73.9874105
"Des Plaines, IL 60016",42.0488548,-87.8844309
"New Kensington, PA 15068",40.5697892,-79.7647705
"Rockford, IL 61108",42.2610481,-88.9509626
"Cortland, NY 13045",42.6011813,-76.1804843
"La Jolla, CA 92093",32.88435520000001,-117.2338066
"Iowa City, IA 52242",41.659363,-91.54870989999999
"Boston, MA 02125",42.3157363,-71.0527482
"Los Angeles, CA 90089",34.0220127,-118.2892046
"Alma, MI 48801",43.3789199,-84.6597274
"Memphis, TN 38104",35.1323787,-90.004663
"Cedar Rapids, IA 52402",42.0166364,-91.6663523
"Fairfax, VA 22030",38.84622359999999,-77.30637329999999
"Hastings, NE 68902",40.5860956,-98.38615130000001
"East Lansing, MI 48824",42.724305,-84.4796047
"Brooklyn, NY 11201",40.6986772,-73.9859414
"Delaware, OH 43015",40.2986724,-83.067965
"Terre Haute, IN 47803",39.465825,-87.31155299999999
"Greensboro, NC 27412",36.0680163,-79.80866209999999
"Charleston, SC 29424",32.7830575,-79.9365839
"Staten Island, NY 10314",40.5952146,-74.1827119
"Roanoke, VA 24014",37.2180925,-79.9080757
"Ames, IA 50011",42.0288663,-93.64803069999999
"Dubuque, IA 52001",42.5292381,-90.6962853
"Baltimore, MD 21251",39.34602659999999,-76.5827767
"Baltimore, MD 21251",39.34602659999999,-76.5827767
"Baltimore, MD 21251",39.34602659999999,-76.5827767
"Pleasantville, NY 10570",41.1333371,-73.7924152
"Troy, NY 12180",42.7284117,-73.69178509999999
"Hartsville, SC 29550",34.3740431,-80.07340049999999
"Cookeville, TN 38505",36.1755178,-85.5039271
"Boston, MA 02125",42.3157363,-71.0527482
"North Dartmouth, MA 02747",41.640396,-70.9694555
"North Dartmouth, MA 02747",41.640396,-70.9694555
"Hampton, VA 23668",37.0227164,-76.3373167
"Ames, IA 50011",42.0288663,-93.64803069999999
"Athens, OH 45701",39.3292396,-82.1012554
"New York, NY 10038",40.7071498,-74.0021019
"Kingsville, TX 78363",27.5158689,-97.85610899999999
"Irvine, CA 92697",33.6471239,-117.8421325
"Bluffton, SC 29909",32.3319107,-80.8875861
"Chicago, IL 60616",41.8403395,-87.6137011
"Philadelphia, PA 19144",40.0358382,-75.174734
"Grand Rapids, MI 49546",42.9219281,-85.50972259999999
"Staten Island, NY 10314",40.5952146,-74.1827119
"Hampton, VA 23668",37.0227164,-76.3373167
"Geneva, NY 14456",42.8679836,-76.985557
"Auburn University, AL 36849",32.5909562,-85.49297849999999
"Auburn University, AL 36849",32.5909562,-85.49297849999999
"Hanover, NH 03755",43.70195830000001,-72.2889045
"Hempstead, NY 11549",40.7132609,-73.62247289999999
"Gary, IN 46408",41.5412825,-87.3711477
"Maryville, TN 37804",35.7830899,-83.91089680000002
"San Marcos, CA 92069",33.1630271,-117.1617685
"Stockton, CA 95211",37.9794321,-121.3141847
"Boston, MA 02115",42.339904,-71.0898892
"Adrian, MI 49221",41.8851765,-84.05902900000001
"Alfred, NY 14802",42.2469977,-77.78811759999999
"Miami Shores, FL 33161",25.8631515,-80.1928253
"Miami Shores, FL 33161",25.8631515,-80.1928253
"Helena, MT 59625",46.60282979999999,-112.0343143
"Cedar Rapids, IA 52402",42.0166364,-91.6663523
"Pocatello, ID 83209",42.8612627,-112.4340616
"Birmingham, AL 35229",33.4412139,-86.8490126
"Conway, SC 29528",33.84,-79.05
"Elon, NC 27244",36.09827620000001,-79.5115433
"Oakland, CA 94619",37.7936811,-122.1462193
"Portsmouth, OH 45662",38.7317431,-82.9976742
"Auburn, AL 36849",32.5909562,-85.49297849999999
"Oroville, CA 95965",39.5137752,-121.556359
"Palatine, IL 60067",42.1112958,-88.0607565
"Long Island City, NY 11101",40.7443091,-73.9418603
"La Plume, PA 18440",41.5570649,-75.7544793
"New York, NY 10021",40.7700703,-73.9580246
"Jackson, MS 39210",32.3224537,-90.1773621
"Rochester, NY 14618",43.1156031,-77.55621
"Brooklyn, NY 11205",40.6945036,-73.9565551
"Waukesha, WI 53188",43.0165459,-88.29476749999999
"Roanoke, VA 24014",37.2180925,-79.9080757
"Columbus, GA 31907",32.4559867,-84.87763919999999
"Philadelphia, PA 19104",39.9583587,-75.1953934
"Frostburg, MD 21532",39.6581424,-78.92835699999999
"Atlanta, GA 30332",33.7700012,-84.3811458
"North Adams, MA 01247",42.70091499999999,-73.1087148
"Stanford, CA 94305",37.4135757,-122.1689284
"West Haven, CT 06516",41.2705484,-72.9469711
"Santa Rosa, CA 95401",38.4409697,-122.7971649
"New York, NY 10012",40.7250632,-73.9976946
"Mt Berry, GA 30149",34.29039,-85.1802699
"Bristol, RI 02809",41.6771101,-71.26620249999999
"Texas City, TX 77591",29.3997529,-95.0026454
"New York, NY 10027",40.8138912,-73.96243270000001
"Chicago, IL 60607",41.8733696,-87.650714
"Bend, OR 97701",44.0581728,-121.3153096
"Ann Arbor, MI 48109",42.3053253,-83.6694169
"Kent, OH 44242",41.15375,-81.35127
"Flint, MI 48504",43.0528038,-83.75178509999999
"Mississippi State, MS 39762",33.45622,-88.79570799999999
"Oberlin, OH 44074",41.2939386,-82.21737859999999
"Lafayette, LA 70504",30.2148762,-92.0193606
"Montgomery, AL 36124",32.37,-86.3
"Prescott, AZ 86301",34.5400242,-112.4685025
"Pittsburg, KS 66762",37.410884,-94.70496
"Durant, OK 74701",33.9924186,-96.39712329999999
"Lowell, MA 01854",42.6460285,-71.3646236
"St Thomas, VI 00802",18.3380965,-64.8940946
"Wichita, KS 67260",37.7162538,-97.2983363
"Auburn University, AL 36849",32.5909562,-85.49297849999999
"Palm Desert, CA 92260",33.6917281,-116.4075854
"Chadron, NE 69337",42.8294187,-102.9999069
"Conway, SC 29528",33.84,-79.05
"Milwaukee, WI 53202",43.0439776,-87.8991514
"Charlotte, NC 28223",35.3064021,-80.7332216
"North Andover, MA 01845",42.69870239999999,-71.1350575
"Kensington, PA 15068",40.5697892,-79.7647705
"Salem, MA 01970",42.5235097,-70.89523369999999
"New Orleans, LA 70118",29.9450835,-90.1261013
"Charlotte, NC 28223",35.3064021,-80.7332216
"Tampa, FL 33620",28.0634666,-82.4129729
"New York, NY 10016",40.74727,-73.9800645
"New York, NY 10001",40.75368539999999,-73.9991637
"St Thomas, VI 00802",18.3380965,-64.8940946
"Lexington, VA 24450",37.78402080000001,-79.4428157
"Riverside, CA 92503",33.8833867,-117.4438924
"Las Vegas, NM 87701",35.5942137,-105.2227978
"Marietta, GA 30060",33.9488147,-84.53794549999999
"Marietta, GA 30060",33.9488147,-84.53794549999999
"Tuscaloosa, AL 35487",33.207199,-87.5482025
"Little Rock, AR 72204",34.7179437,-92.3714901
"West Long Branch, NJ 07764",40.2897287,-74.0241367
"Santa Clara, CA 95053",37.348667,-121.936645
"Pittsburg, KS 66762",37.410884,-94.70496
"University Center, MI 48710",43.5595162,-83.99447769999999
"Charlottesville, VA 22904",38.0340277,-78.510016
"Canyon, TX 79016",34.9808062,-101.9155523
"Washington, DC 20036",38.9080786,-77.04061469999999
"Storrs, CT 06269",41.8193203,-72.2511833
"Burlington, VT 05405",44.4739489,-73.1943038
"Charlottesville, VA 22904",38.0340277,-78.510016
"Haverford, PA 19041",40.0022406,-75.3208107
"Manchester, NH 03106",43.0802842,-71.4536835
"Indianapolis, IN 46227",39.68016739999999,-86.1242881
"Charlotte, NC 28223",35.3064021,-80.7332216
"Asheville, NC 28804",35.6304783,-82.5510469
"Santa Clara, CA 95053",37.348667,-121.936645
"New York, NY 10016",40.74727,-73.9800645
"Eau Claire, WI 54702",44.81,-91.5
"Dayton, OH 45469",39.7395406,-84.1787904
"Stillwater, OK 74078",36.1198996,-97.0888415
"Stockton, CA 95211",37.9794321,-121.3141847
"Salt Lake City, UT 84105",40.7345053,-111.8628205
"Brunswick, ME 04011",43.9140162,-69.966996
"Reno, NV 89557",39.5445866,-119.8167317
"Naperville, IL 60540",41.7606321,-88.1437782
"Chicago, IL 60605",41.8703314,-87.62357420000001
"Reno, NV 89557",39.5445866,-119.8167317
"Ada, OH 45810",40.7694969,-83.8227148
"Weatherford, OK 73096",35.5261633,-98.7075744
"Muncie, IN 47306",40.1984632,-85.4136959
"Orono, ME 04469",44.9024546,-68.6638413
"Hanover, NH 03755",43.70195830000001,-72.2889045
"Minot, ND 58707",48.2472343,-101.301253
"Mobile, AL 36688",30.6954595,-88.174414
"College Station, TX 77843",30.6096445,-96.33959209999999
"Fort Worth, TX 76102",32.7579468,-97.3246534
"Eugene, OR 97403",44.0350489,-123.0473566
"Lexington, KY 40506",38.01961379999999,-84.4994488
"Muncie, IN 47306",40.1984632,-85.4136959
"Bowling Green, OH 43403",41.3780983,-83.6375032
"Brooklyn, NY 11210",40.6285158,-73.9447994
"San Luis Obispo, CA 93407",35.3041998,-120.6631289
"Pomona, CA 91768",34.0648167,-117.7783831
"Los Angeles, CA 90032",34.0795169,-118.1766294
"Granville, OH 43023",40.06811920000001,-82.51960369999999
"San Bernardino, CA 92407",34.216765,-117.3851496
"Statesboro, GA 30460",32.4259367,-81.7828033
"Spokane, WA 99258",47.66684009999999,-117.4041584
"Arcata, CA 95521",40.8665166,-124.0828396
"Bloomington, IN 47405",39.1714266,-86.51860219999999
"Las Cruces, NM 88003",32.2777551,-106.7455792
"Corvallis, OR 97331",44.5642722,-123.2785942
"Sharon, PA 16146",41.2340022,-80.5049445
"Portland, OR 97207",45.5211732,-122.6806194
"West Lafayette, IN 47907",40.4401775,-86.9261008
"Buffalo, NY 14260",42.8711,-78.8593199
"Saint Louis, MO 63110",38.6212468,-90.2526163
"Moraga, CA 94575",37.84,-122.13
"Salisbury, MD 21801",38.4001474,-75.632447
"San Jose, CA 95192",37.34,-121.88
"Santa Clara, CA 95053",37.348667,-121.936645
"New Haven, CT 06515",41.3266814,-72.9637728
"Philadelphia, PA 19122",39.9795244,-75.145782
"Philadelphia, PA 19122",39.9795244,-75.145782
"Hartford, CT 06106",41.743111,-72.70380469999999
"Huntsville, AL 35899",34.7354685,-86.6513478
"Davis, CA 95616",38.5449065,-121.7405167
"Boulder, CO 80309",40.0103247,-105.2889726
"Urbana, IL 61801",40.1059233,-88.2120315
"Kansas City, MO 64110",39.0362552,-94.57533939999999
"Lincoln, NE 68588",40.818253,-96.69522540000001
"Kearney, NE 68849",40.7019349,-99.0972012
"Eugene, OR 97403",44.0350489,-123.0473566
"Pittsburgh, PA 15260",40.4424402,-79.95319479999999
"Pittsburgh, PA 15260",40.4424402,-79.95319479999999
"Pittsburgh, PA 15260",40.4424402,-79.95319479999999
"Mobile, AL 36688",30.6954595,-88.174414
"San Antonio, TX 78249",29.5676137,-98.6050736
"Salt Lake City, UT 84112",40.7652201,-111.8419536
"Seattle, WA 98195",47.6508882,-122.3084023
"USAF Academy, CO 80840",38.9983573,-104.8617533
"West Point, NY 10996",41.39205,-73.9712488
"Lexington, VA 24450",37.78402080000001,-79.4428157
"Morgantown, WV 26506",39.654181,-79.9594886
"Wheaton, IL 60187",41.8745267,-88.1193763
"Cincinnati, OH 45207",39.1405079,-84.47239
"Birmingham, AL 35254",33.5199899,-86.8512078
"Charleston, SC 29424",32.7830575,-79.9365839
"Durham, NC 27708",35.9992263,-78.94720889999999
"Pittsburgh, PA 15282",40.4353635,-79.99130050000001
"Elgin, IL 60123",42.0361546,-88.314212
"Baton Rouge, LA 70803",30.41,-91.17999999999999
"Fargo, ND 58108",46.88,-96.78999999999999
"Tuscaloosa, AL 35487",33.207199,-87.5482025
"Berkeley, CA 94720",37.87015100000001,-122.2594606
"Orlando, FL 32816",28.6013431,-81.20092869999999
"North Dartmouth, MA 02747",41.640396,-70.9694555
"Eau Claire, WI 54702",44.81,-91.5
"Oshkosh, WI 54901",44.0291228,-88.49849909999999
"Albany, NY 12222",42.6907733,-73.8279381
"Amherst, MA 01003",42.3956556,-72.52196169999999
"Boone, NC 28608",36.2139148,-81.6795209
"Auburn University, AL 36849",32.5909562,-85.49297849999999
"Laie, HI 96762",21.6482858,-157.9225549
"Ypsilanti, MI 48197",42.2411499,-83.61299389999999
"Elon, NC 27244",36.09827620000001,-79.5115433
"Indianapolis, IN 46202",39.7794767,-86.1700894
"Austin, TX 78704",30.24567279999999,-97.76883579999999
"Swarthmore, PA 19081",39.9020565,-75.3499123
"College Station, TX 77843",30.6096445,-96.33959209999999
"Aiken, SC 29801",33.5604168,-81.7195533
"Tampa, FL 33620",28.0634666,-82.4129729
"Nashville, TN 37235",36.1489935,-86.80411509999999
"Russellville, AR 72801",35.2785177,-93.1428341
"San Rafael, CA 94901",37.9650627,-122.503327
"Franklin, IN 46131",39.4806055,-86.0549863
"Pocatello, ID 83209",42.8612627,-112.4340616
"Southfield, MI 48075",42.4595697,-83.2398943
"Romeoville, IL 60446",41.63541540000001,-88.099845
"Raleigh, NC 27695",35.7850545,-78.68194489999999
"Norfolk, VA 23529",36.8860765,-76.30805699999999
"Rochester, NY 14623",43.0915814,-77.6421577
"Cortland, NY 13045",42.6011813,-76.1804843
"Birmingham, AL 35229",33.4412139,-86.8490126
"Santa Barbara, CA 93106",34.4135868,-119.8496976
"Houston, TX 77002",29.752554,-95.37040089999999
"Tampa, FL 33606",27.926156,-82.4563199
"Logan, UT 84322",41.6577331,-111.8434441
"Murray, KY 42071",36.6189712,-88.3044908
"Boone, NC 28608",36.2139148,-81.6795209
"Savannah, GA 31419",31.9708128,-81.15865149999999
"Turlock, CA 95382",37.5359468,-120.8613785
"Atlanta, GA 30332",33.7700012,-84.3811458
"Augusta, GA 30912",33.4706725,-81.9861463
"Fort Wayne, IN 46805",41.1024994,-85.1220031
"Decorah, IA 52101",43.30330559999999,-91.7857092
"Milwaukee, WI 53222",43.0852217,-88.0363086
"Milwaukee, WI 53222",43.0852217,-88.0363086
"Boston, MA 02115",42.339904,-71.0898892
"New Kensington, PA 15068",40.5697892,-79.7647705
"Edwardsville, IL 62026",38.7928034,-89.9953376
"Bradford, PA 16701",41.9537701,-78.7022678
"Milwaukee, WI 53201",43.03,-87.92
"Monmouth, OR 97361",44.8484524,-123.2339888
"Salt Lake City, UT 84105",40.7345053,-111.8628205
"Chapel Hill, NC 27599",35.905249,-79.0581498
"San Angelo, TX 76909",31.4418108,-100.4656497
"Brunswick, ME 04011",43.9140162,-69.966996
"Fairfax, VA 22030",38.84622359999999,-77.30637329999999
"Fairfax, VA 22030",38.84622359999999,-77.30637329999999
"Indiana, PA 15705",40.61757610000001,-79.1583807
"Ames, IA 50011",42.0288663,-93.64803069999999
"Marion, AL 36756",32.6323536,-87.3191655
"Rolla, MO 65409",37.9552246,-91.7727479
"Las Vegas, NM 87701",35.5942137,-105.2227978
"Evanston, IL 60208",42.0541119,-87.6759889
"Abington, PA 19001",40.1313817,-75.1370254
"Atlanta, GA 30314",33.7539971,-84.412014
"Dayton, OH 45469",39.7395406,-84.1787904
"Springfield, IL 62703",39.764682,-89.6345796
"University, MS 38677",34.367641,-89.5391483
"Reno, NV 89557",39.5445866,-119.8167317
"Norman, OK 73019",35.1879507,-97.4421919
"Norman, OK 73019",35.1879507,-97.4421919
"Menomonie, WI 54751",44.8755183,-91.9193422
"Laramie, WY 82071",41.3125068,-105.5855777
"Macon, GA 31210",32.8999858,-83.7411631
"Staten Island, NY 10314",40.5952146,-74.1827119
"Staten Island, NY 10314",40.5952146,-74.1827119
"Amherst, NY 14226",42.97900670000001,-78.792272
"Hanover, NH 03755",43.70195830000001,-72.2889045
"St Davids, PA 19087",40.0409428,-75.37852339999999
"Washington, DC 20057",38.9079399,-77.0717165
"Indiana, PA 15705",40.61757610000001,-79.1583807
"Baltimore, MD 21210",39.3566383,-76.6354952
"New York, NY 10004",40.7038704,-74.0138541
"New York, NY 10004",40.7038704,-74.0138541
"New York, NY 10004",40.7038704,-74.0138541
"Newark, NJ 07102",40.7350747,-74.17390569999999
"New York, NY 10003",40.7322535,-73.9874105
"Flagstaff, AZ 86011",35.19054029999999,-111.653403
"San Marcos, CA 92069",33.1630271,-117.1617685
"Scranton, PA 18510",41.4089391,-75.64117499999999
"Wingate, NC 28174",34.9843176,-80.4492319
"Glenside, PA 19038",40.0999077,-75.1527928
"Kansas City, MO 64145",38.8817227,-94.5985613
"Maryville, TN 37804",35.7830899,-83.91089680000002
"Seattle, WA 98119",47.6384586,-122.3674079
"Loch Sheldrake, NY 12759",41.775259,-74.6576091
"Tucson, AZ 85721",32.2332841,-110.9488008
"Lafayette, LA 70504",30.2148762,-92.0193606
"North Dartmouth, MA 02747",41.640396,-70.9694555
"Petersburg, FL 33701",27.7696063,-82.6321376
"Los Angeles, CA 90089",34.0220127,-118.2892046
"Spartanburg, SC 29303",34.9803527,-81.9425701
"Hamilton, NY 13346",42.8270136,-75.5446238
"Grand Junction, CO 81501",39.075059,-108.5522531
"Philadelphia, PA 19130",39.9682609,-75.1749671
"Hays, KS 67601",38.8791783,-99.3267702
"North Adams, MA 01247",42.70091499999999,-73.1087148
"Galloway, NJ 08205",39.4728755,-74.4642861
"Galloway, NJ 08205",39.4728755,-74.4642861
"Springfield, MA 01109",42.1237147,-72.5500596
"Stanford, CA 94305",37.4135757,-122.1689284
"Boston, MA 02125",42.3157363,-71.0527482
"Bend, OR 97701",44.0581728,-121.3153096
"Salina, KS 67401",38.8402805,-97.61142369999999
"Brooklyn, NY 11201",40.6986772,-73.9859414
"Brooklyn, NY 11201",40.6986772,-73.9859414
"Oberlin, OH 44074",41.2939386,-82.21737859999999
"Ada, OH 45810",40.7694969,-83.8227148
"Media, PA 19063",39.9167783,-75.387693
"University Center, MI 48710",43.5595162,-83.99447769999999
"Athens, GA 30602",33.954258,-83.37493219999999
"Orem, UT 84058",40.2814786,-111.7733902
"Detroit, MI 48221",42.4349152,-83.15417959999999
"La Mirada, CA 90639",33.90528219999999,-118.0179682
"Carson, CA 90747",33.8641714,-118.2558801
"Los Angeles, CA 90032",34.0795169,-118.1766294
"Bend, OR 97701",44.0581728,-121.3153096
"St Joseph, MO 64507",39.7305994,-94.7381013
"St Joseph, MO 64507",39.7305994,-94.7381013
"Cresson, PA 16630",40.4597938,-78.59168369999999
"Murray, KY 42071",36.6189712,-88.3044908
"Portsmouth, OH 45662",38.7317431,-82.9976742
"St Louis, MO 63121",38.7102377,-90.3042778
"Arlington, TX 76019",32.7307465,-97.11640129999999
"Sacramento, CA 95819",38.5678631,-121.4399041
"Framingham, MA 01701",42.3240042,-71.4536835
"Augusta, GA 30912",33.4706725,-81.9861463
"Augusta, GA 30912",33.4706725,-81.9861463
"Grove City, PA 16127",41.15783769999999,-80.08867029999999
"Hempstead, NY 11549",40.7132609,-73.62247289999999
"Arlington, VA 22207",38.9105302,-77.1197521
"Murfreesboro, TN 37132",35.8434555,-86.3706605
"Portsmouth, OH 45662",38.7317431,-82.9976742
"Salina, KS 67401",38.8402805,-97.61142369999999
"Tallahassee, FL 32306",30.4407853,-84.2883519
"Palatine, IL 60067",42.1112958,-88.0607565
"Ames, IA 50011",42.0288663,-93.64803069999999
"Spartanburg, SC 29301",34.9306384,-82.0189155
"Manchester, NH 03101",42.9901899,-71.4625883
"West Haven, CT 06516",41.2705484,-72.9469711
"Hamilton, NY 13346",42.8270136,-75.5446238
"Wichita Falls, TX 76308",33.8511616,-98.544636
"New York, NY 10003",40.7322535,-73.9874105
"Chicago, IL 60605",41.8703314,-87.62357420000001
"Orono, ME 04469",44.9024546,-68.6638413
"Missoula, MT 59812",46.861557,-113.9842701
"Greenville, NC 27858",35.5371999,-77.3209555
"Atlanta, GA 30332",33.7700012,-84.3811458
"Palatine, IL 60067",42.1112958,-88.0607565
"Hickory, NC 28601",35.7655407,-81.32893969999999
"West Long Branch, NJ 07764",40.2897287,-74.0241367
"Powell, WY 82435",44.7538408,-108.7573525
"Old Westbury, NY 11568",40.788109,-73.59474589999999
"Old Westbury, NY 11568",40.788109,-73.59474589999999
"Marshall, MN 56258",44.448423,-95.79119159999999
"Blue Ash, OH 45236",39.2123057,-84.4015075
"Denton, TX 76203",33.2090389,-97.15343899999999
"Oroville, CA 95965",39.5137752,-121.556359
"Manchester, NH 03106",43.0802842,-71.4536835
"Erie, PA 16546",42.1061566,-80.0503489
"New York, NY 10003",40.7322535,-73.9874105
"Claremont, CA 91711",34.1707374,-117.702148
"Statesboro, GA 30460",32.4259367,-81.7828033
"Ann Arbor, MI 48109",42.3053253,-83.6694169
"Martinez, CA 94553",38.0193657,-122.1341321
"Martinez, CA 94553",38.0193657,-122.1341321
"Martinez, CA 94553",38.0193657,-122.1341321
"Oceanside, CA 92056",33.192168,-117.3028803
"Rocky Mount, NC 27804",36.000632,-77.8481628
"Athens, OH 45701",39.3292396,-82.1012554
"Pittsburgh, PA 15222",40.4475255,-79.9933976
"Lewiston, ME 04240",44.0939499,-70.1582944
"Weatherford, OK 73096",35.5261633,-98.7075744
"Canyon, TX 79016",34.9808062,-101.9155523
"Mobile, AL 36608",30.6784935,-88.3433623
"Scranton, PA 18509",41.4272224,-75.6499025
"Rochester, NY 14623",43.0915814,-77.6421577
"Baltimore, MD 21251",39.34602659999999,-76.5827767
"Morgantown, WV 26506",39.654181,-79.9594886
"Tuscaloosa, AL 35487",33.207199,-87.5482025
"Montevallo, AL 35115",33.1006746,-86.86415579999999
"Austin, TX 78712",30.2835151,-97.73488049999999
"Conway, SC 29528",33.84,-79.05
"Pullman, WA 99164",46.7287207,-117.1542742
"Berry, GA 30149",34.290361,-85.189199
"Providence, RI 02912",41.8265437,-71.4013635
"Worcester, MA 01610",42.25319959999999,-71.8185895
"Elgin, IL 60123",42.0361546,-88.314212
"Worcester, MA 01610",42.25319959999999,-71.8185895
"Chicago, IL 60614",41.9203468,-87.6433139
"Reno, NV 89557",39.5445866,-119.8167317
"Wichita, KS 67260",37.7162538,-97.2983363
"Riverside, CA 92506",33.9415653,-117.3733989
"Stanford, CA 94305",37.4135757,-122.1689284
"Reno, NV 89557",39.5445866,-119.8167317
"Norman, OK 73019",35.1879507,-97.4421919
"Tampa, FL 33620",28.0634666,-82.4129729
"Washington, PA 15301",40.17396,-80.2461714
"Whittier, CA 90608",33.9807825,-118.035064
"Stevenson, MD 21153",39.4178315,-76.7019038
"Newport News, VA 23606",37.0672839,-76.514138
"Pocatello, ID 83209",42.8612627,-112.4340616
"New Orleans, LA 70118",29.9450835,-90.1261013
"Knoxville, TN 37996",35.9433558,-83.93869910000001
"Forest Grove, OR 97116",45.526998,-123.1211134
"Boston, MA 02115",42.339904,-71.0898892
"University Park, PA 16802",40.8084075,-77.8638835
"Cookeville, TN 38505",36.1755178,-85.5039271
"Colorado Springs, CO 80918",38.9043608,-104.7637619
"Hempstead, NY 11549",40.7132609,-73.62247289999999
"Bronx, NY 10468",40.8687887,-73.8977693
"Whittier, CA 90608",33.9807825,-118.035064
"Waltham, MA 02454",42.416968,-71.25249910000001
"Santa Clarita, CA 91355",34.4400287,-118.5914696
"New York, NY 10027",40.8138912,-73.96243270000001
"Geneva, NY 14456",42.8679836,-76.985557
"Kingston, RI 02881",41.4787737,-71.5219477
"Stillwater, OK 74078",36.1198996,-97.0888415
"Stillwater, OK 74078",36.1198996,-97.0888415
"Albany, NY 12222",42.6907733,-73.8279381
"Chattanooga, TN 37403",35.0496723,-85.2955242
"Bend, OR 97701",44.0581728,-121.3153096
"Denton, TX 76203",33.2090389,-97.15343899999999
"Pittsburgh, PA 15260",40.4424402,-79.95319479999999
"Muncie, IN 47306",40.1984632,-85.4136959
"Bronx, NY 10471",40.8971509,-73.9065883
"Auburn University, AL 36849",32.5909562,-85.49297849999999
"New York, NY 10027",40.8138912,-73.96243270000001
"Seattle, WA 98122",47.6087583,-122.2964235
"Chicago, IL 60607",41.8733696,-87.650714
"Eureka, IL 61530",40.7214251,-89.2728627
"Eureka, IL 61530",40.7214251,-89.2728627
"Louisville, KY 40292",38.21692609999999,-85.7624992
"Mobile, AL 36688",30.6954595,-88.174414
"Mobile, AL 36688",30.6954595,-88.174414
"San Luis Obispo, CA 93407",35.3041998,-120.6631289
"Augusta, GA 30912",33.4706725,-81.9861463
"Houston, TX 77002",29.752554,-95.37040089999999
"Houston, TX 77002",29.752554,-95.37040089999999
"Waco, TX 76798",31.5470221,-97.12432869999999
"Waco, TX 76798",31.5470221,-97.12432869999999
"Waco, TX 76798",31.5470221,-97.12432869999999
"Fall River, MA 02720",41.7359452,-71.1151431
"Pomona, CA 91768",34.0648167,-117.7783831
"Fullerton, CA 92831",33.881922,-117.8956062
"Los Angeles, CA 90032",34.0795169,-118.1766294
"Los Angeles, CA 90032",34.0795169,-118.1766294
"Durham, NC 27708",35.9992263,-78.94720889999999
"Augusta, GA 30912",33.4706725,-81.9861463
"Augusta, GA 30912",33.4706725,-81.9861463
"Statesboro, GA 30460",32.4259367,-81.7828033
"Statesboro, GA 30460",32.4259367,-81.7828033
"Statesboro, GA 30460",32.4259367,-81.7828033
"Arcata, CA 95521",40.8665166,-124.0828396
"Bloomington, IN 47405",39.1714266,-86.51860219999999
"Baltimore, MD 21218",39.3322127,-76.6008334
"Southfield, MI 48075",42.4595697,-83.2398943
"Baton Rouge, LA 70803",30.41,-91.17999999999999
"Milwaukee, WI 53201",43.03,-87.92
"East Lansing, MI 48825",42.7293339,-84.4709918
"Mississippi State, MS 39762",33.45622,-88.79570799999999
"Athens, OH 45701",39.3292396,-82.1012554
"Corvallis, OR 97331",44.5642722,-123.2785942
"New York, NY 10001",40.75368539999999,-73.9991637
"Huntsville, TX 77341",30.7146623,-95.5502437
"Huntsville, TX 77341",30.7146623,-95.5502437
"Sewanee, TN 37383",35.1993549,-85.9236633
"Norman, OK 73019",35.1879507,-97.4421919
"St Paul, MN 55105",44.9330076,-93.16290629999999
"San Diego, CA 92110",32.7657318,-117.199996
"Columbia, SC 29208",33.9963052,-81.027157
"Chattanooga, TN 37403",35.0496723,-85.2955242
"Logan, UT 84322",41.6577331,-111.8434441
"Lexington, VA 24450",37.78402080000001,-79.4428157
"Blacksburg, VA 24061",37.22094939999999,-80.42280099999999
"Bellingham, WA 98225",48.7562157,-122.4894588
"Alma, MI 48801",43.3789199,-84.6597274
"Alma, MI 48801",43.3789199,-84.6597274
"Knoxville, TN 37996",35.9433558,-83.93869910000001
"Lexington, KY 40506",38.01961379999999,-84.4994488
"Potsdam, NY 13699",44.6672622,-74.9939469
"Potsdam, NY 13699",44.6672622,-74.9939469
"Emporia, KS 66801",38.403903,-96.18166260000001
"Augusta, GA 30912",33.4706725,-81.9861463
"Indiana, PA 15705",40.61757610000001,-79.1583807
"Indiana, PA 15705",40.61757610000001,-79.1583807
"Manhattan, KS 66506",39.1998042,-96.581008
"Oxford, OH 45056",39.5069974,-84.74523099999999
"Forest Grove, OR 97116",45.526998,-123.1211134
"Winter Park, FL 32789",28.5950986,-81.3509416
"Syracuse, NY 13244",43.04782609999999,-76.1432291
"College Station, TX 77843",30.6096445,-96.33959209999999
"Oshkosh, WI 54901",44.0291228,-88.49849909999999
"Winston-Salem, NC 27109",36.1341553,-80.2781262
"Auburn University, AL 36849",32.5909562,-85.49297849999999
"Auburn University, AL 36849",32.5909562,-85.49297849999999
"Storm Lake, IA 50588",42.6430359,-95.2019399
"Salisbury, NC 28144",35.6999973,-80.4660256
"Allendale, MI 49401",42.9674954,-85.95089229999999
"Salina, KS 67401",38.8402805,-97.61142369999999
"Norfolk, VA 23529",36.8860765,-76.30805699999999
"Norfolk, VA 23529",36.8860765,-76.30805699999999
"Delhi, NY 13753",42.27814009999999,-74.91599459999999
"Selinsgrove, PA 17870",40.7989735,-76.8621935
"Orlando, FL 32816",28.6013431,-81.20092869999999
"Reno, NV 89557",39.5445866,-119.8167317
"Reno, NV 89557",39.5445866,-119.8167317
"Valparaiso, IN 46383",41.4730948,-87.0611412
"Ogden, UT 84408",41.1952366,-111.9484298
"Lubbock, TX 79409",33.5886439,-101.8820434
"Columbus, OH 43209",39.9556925,-82.9340217
"Spokane, WA 99258",47.66684009999999,-117.4041584
"Oxford, OH 45056",39.5069974,-84.74523099999999
"Potsdam, NY 13676",44.6697805,-74.9813084
"Manchester, NH 03102",43.0073961,-71.49523719999999
"Kapolei, HI 96707",21.3353909,-158.0568965
"Charlotte, NC 28223",35.3064021,-80.7332216
"Dahlonega, GA 30597",34.5287785,-83.9843467
"Morgantown, WV 26506",39.654181,-79.9594886
"Morgantown, WV 26506",39.654181,-79.9594886
"Fulton, MO 65251",38.84670819999999,-91.94795859999999
"New York, NY 10001",40.75368539999999,-73.9991637
"Salem, MA 01970",42.5235097,-70.89523369999999
"Bethany, WV 26032",40.205627,-80.55673840000001
"Fresno, CA 93740",36.8129075,-119.7469472
"Flint, MI 48504",43.0528038,-83.75178509999999
"Baltimore, MD 21251",39.34602659999999,-76.5827767
"Ithaca, NY 14853",42.4467049,-76.48305789999999
"Rolla, MO 65409",37.9552246,-91.7727479
"Eugene, OR 97403",44.0350489,-123.0473566
"Toledo, OH 43606",41.6735366,-83.624201
"Pullman, WA 99164",46.7287207,-117.1542742
"Oxford, GA 30054",33.6190031,-83.8674051
"Murfreesboro, TN 37132",35.8434555,-86.3706605
"Irvine, CA 92697",33.6471239,-117.8421325
"Greeley, CO 80639",40.4075503,-104.6857493
"Tulsa, OK 74104",36.142324,-95.956825
"Charlottesville, VA 22904",38.0340277,-78.510016
"Pittsburgh, PA 15260",40.4424402,-79.95319479999999
"Pittsburgh, PA 15260",40.4424402,-79.95319479999999
"Boone, NC 28608",36.2139148,-81.6795209
"Montgomery, AL 36124",32.37,-86.3
"Muncie, IN 47306",40.1984632,-85.4136959
"Philadelphia, PA 19130",39.9682609,-75.1749671
"Philadelphia, PA 19130",39.9682609,-75.1749671
"Fort Myers, FL 33965",26.4588273,-81.7622951
"Miami, FL 33199",25.7538975,-80.3770443
"Fairfax, VA 22030",38.84622359999999,-77.30637329999999
"Fairfax, VA 22030",38.84622359999999,-77.30637329999999
"Wichita Falls, TX 76308",33.8511616,-98.544636
"New York, NY 10003",40.7322535,-73.9874105
"Raleigh, NC 27695",35.7850545,-78.68194489999999
"Naperville, IL 60540",41.7606321,-88.1437782
"Natchitoches, LA 71497",31.76,-93.08999999999999
"Bend, OR 97701",44.0581728,-121.3153096
"Claremont, CA 91711",34.1707374,-117.702148
"Marshall, MN 56258",44.448423,-95.79119159999999
"Corpus Christi, TX 78412",27.700785,-97.3462545
"Towson, MD 21252",39.3929109,-76.6080554
"Los Angeles, CA 90089",34.0220127,-118.2892046
"Charlottesville, VA 22904",38.0340277,-78.510016
"Wheaton, IL 60187",41.8745267,-88.1193763
"Charlottesville, VA 22904",38.0340277,-78.510016
"San Rafael, CA 94901",37.9650627,-122.503327
"San Marcos, CA 92069",33.1630271,-117.1617685
"Abington, PA 19001",40.1313817,-75.1370254
"Pittsburg, KS 66762",37.410884,-94.70496
"Storrs, CT 06269",41.8193203,-72.2511833
"Honolulu, HI 96822",21.3175493,-157.8152491
"Tampa, FL 33606",27.926156,-82.4563199
"Tampa, FL 33606",27.926156,-82.4563199
"West Chester, PA 19383",39.9506815,-75.60116719999999
"Monmouth, OR 97361",44.8484524,-123.2339888
"Winona, MN 55987",44.0553908,-91.6663523
"Rock Hill, SC 29733",34.939652,-81.03267950000001
"New York, NY 10010",40.7388319,-73.98153370000001
"Belmont, NC 28012",35.2429175,-81.037297
"St Paul, MN 55104",44.9516643,-93.16290629999999
"Knoxville, TN 37998",35.9343523,-83.74979359999999
"Bristol, RI 02809",41.6771101,-71.26620249999999
"La Jolla, CA 92093",32.88435520000001,-117.2338066
"University, MS 38677",34.367641,-89.5391483
"Bluffton, SC 29909",32.3319107,-80.8875861
"Hattiesburg, MS 39406",31.32884159999999,-89.3315894
"West Chester, PA 19383",39.9506815,-75.60116719999999
"West Chester, PA 19383",39.9506815,-75.60116719999999
"Sacramento, CA 95819",38.5678631,-121.4399041
"Grand Junction, CO 81501",39.075059,-108.5522531
"Frostburg, MD 21532",39.6581424,-78.92835699999999
"Marion, AL 36756",32.6323536,-87.3191655
"Las Cruces, NM 88003",32.2777551,-106.7455792
"Queens, NY 11367",40.7295546,-73.8213213
"Queens, NY 11439",40.7213264,-73.7941163
"Little Rock, AR 72204",34.7179437,-92.3714901
"Memphis, TN 38152",35.1242857,-89.9360705
"Denton, TX 76203",33.2090389,-97.15343899999999
"College Place, WA 99324",46.04694560000001,-118.3875722
"Cullowhee, NC 28723",35.3137111,-83.1765333
"Charleston, SC 29424",32.7830575,-79.9365839
"Fayetteville, NC 28301",35.06375209999999,-78.8722341
"Kent, OH 44242",41.15375,-81.35127
"New York, NY 10021",40.7700703,-73.9580246
"West Lafayette, IN 47906",40.4258686,-86.90806549999999
"Warrensburg, MO 64093",38.7627893,-93.73604979999999
"Orono, ME 04469",44.9024546,-68.6638413
"North Dartmouth, MA 02747",41.640396,-70.9694555
"Portland, ME 04104",43.6599999,-70.27
"Bothell, WA 98011",47.759038,-122.202107
"Virginia Beach, VA 23464",36.7973473,-76.18996609999999
"El Paso, TX 79968",31.77016069999999,-106.5047596
"Victorville, CA 92392",34.4854334,-117.4203974
"College Place, WA 99324",46.04694560000001,-118.3875722
"Long Island City, NY 11101",40.7443091,-73.9418603
"Elizabethtown, PA 17022",40.1528719,-76.6027455
"Tallahassee, FL 32306",30.4407853,-84.2883519
"East Lansing, MI 48824",42.724305,-84.4796047
"East Lansing, MI 48824",42.724305,-84.4796047
"Millersville, PA 17551",39.9978764,-76.3541274
"Colorado Springs, CO 80918",38.9043608,-104.7637619
"Philadelphia, PA 19102",39.9556241,-75.1647529
"Platteville, WI 53818",42.73416,-90.4784621
"Richmond, VA 23284",37.5481822,-77.4533454
"Palatine, IL 60067",42.1112958,-88.0607565
"Old Westbury, NY 11568",40.788109,-73.59474589999999
"Stevens Point, WI 54481",44.52357920000001,-89.574563
"Stevens Point, WI 54481",44.52357920000001,-89.574563
"Atlanta, GA 30332",33.7700012,-84.3811458
"Andover, MA 01810",42.6568574,-71.1407888
"Detroit, MI 48221",42.4349152,-83.15417959999999
"Westfield, MA 01086",42.11429770000001,-72.74843109999999
"Martinez, CA 94553",38.0193657,-122.1341321
"Tacoma, WA 98402",47.2529105,-122.4417426
"Martinez, CA 94553",38.0193657,-122.1341321
"Pasadena, CA 91106",34.1456654,-118.1268976
"Clinton, NY 13323",43.0484029,-75.3785034
"Wise, VA 24293",36.9759345,-82.5757108
"Waltham, MA 02452",42.3944416,-71.2220832
"Lamoni, IA 50140",40.622777,-93.9341158
"Oceanside, CA 92056",33.192168,-117.3028803
"Syracuse, NY 13244",43.04782609999999,-76.1432291
"Victoria, TX 77901",28.80663839999999,-96.99609249999999
"Staten Island, NY 10314",40.5952146,-74.1827119
"Nashville, TN 37240",36.1457192,-86.8066559
"Storm Lake, IA 50588",42.6430359,-95.2019399
"Baltimore, MD 21251",39.34602659999999,-76.5827767
"Akron, OH 44325",41.0788974,-81.5147245
"Victoria, TX 77901",28.80663839999999,-96.99609249999999
"Ann Arbor, MI 48109",42.3053253,-83.6694169
"Waco, TX 76798",31.5470221,-97.12432869999999
"Indianapolis, IN 46208",39.82060620000001,-86.1700894
"Norwalk, CA 90650",33.90777509999999,-118.0830047
"Riverside, CA 92506",33.9415653,-117.3733989
"Riverside, CA 92506",33.9415653,-117.3733989
"Tuscaloosa, AL 35487",33.207199,-87.5482025
"Victoria, TX 77901",28.80663839999999,-96.99609249999999
"Victoria, TX 77901",28.80663839999999,-96.99609249999999
"Amherst, MA 01003",42.3956556,-72.52196169999999
"Somerville, NJ 08876",40.5742696,-74.60987999999999
"St Joseph, MO 64507",39.7305994,-94.7381013
"Bellingham, WA 98225",48.7562157,-122.4894588
"Des Moines, IA 50311",41.5999808,-93.6750005
"Easton, PA 18042",40.6551234,-75.2128996
"Oxford, OH 45056",39.5069974,-84.74523099999999
"Buffalo, NY 14222",42.9149029,-78.8750644
"Norman, OK 73019",35.1879507,-97.4421919
"Buffalo, NY 14208",42.9174901,-78.8524199
"Haverford, PA 19041",40.0022406,-75.3208107
"Erie, PA 16563",42.1090649,-79.9822126
"New Paltz, NY 12561",41.7475933,-74.0868095
"Jackson, TN 38305",35.6684779,-88.7301525
"Morgantown, WV 26506",39.654181,-79.9594886
"Oxford, OH 45056",39.5069974,-84.74523099999999
"Syracuse, NY 13244",43.04782609999999,-76.1432291
"Arlington, TX 76019",32.7307465,-97.11640129999999
"New London, CT 06320",41.3631426,-72.106068
"North Canton, OH 44720",40.875891,-81.4023356
"Decatur, IL 62522",39.8231401,-89.0466016
"Auburn University, AL 36849",32.5909562,-85.49297849999999
"Winter Park, FL 32789",28.5950986,-81.3509416
"Northfield, MN 55057",44.4582983,-93.161604
"Reno, NV 89557",39.5445866,-119.8167317
"Blacksburg, VA 24061",37.22094939999999,-80.42280099999999
"Decatur, IL 62522",39.8231401,-89.0466016
"Evansville, IN 47722",37.9700012,-87.5422973
"East Lansing, MI 48824",42.724305,-84.4796047
"Millersville, PA 17551",39.9978764,-76.3541274
"Middletown, PA 17057",40.199814,-76.7310806
"Augusta, GA 30912",33.4706725,-81.9861463
"Tacoma, WA 98447",47.1427431,-122.4407344
"Buffalo, NY 14260",42.8711,-78.8593199
"New York, NY 10010",40.7388319,-73.98153370000001
"Albany, NY 12222",42.6907733,-73.8279381
"Boone, NC 28608",36.2139148,-81.6795209
"New Orleans, LA 70118",29.9450835,-90.1261013
"Pasadena, CA 91125",34.1378866,-118.1247032
"Memphis, TN 38152",35.1242857,-89.9360705
"St Louis, MO 63130",38.6682669,-90.32308069999999
"Atlanta, GA 30332",33.7700012,-84.3811458
"Muncie, IN 47306",40.1984632,-85.4136959
"College Station, TX 77843",30.6096445,-96.33959209999999
"Mobile, AL 36688",30.6954595,-88.174414
"Philadelphia, PA 19122",39.9795244,-75.145782
"San Francisco, CA 94117",37.7717185,-122.4438929
"College Station, TX 77843",30.6096445,-96.33959209999999
"Phoenix, AZ 85004",33.4528292,-112.0685027
"Augusta, GA 30912",33.4706725,-81.9861463
"Waco, TX 76798",31.5470221,-97.12432869999999
"Waco, TX 76798",31.5470221,-97.12432869999999
"Boston, MA 02215",42.3476181,-71.1002881
"Pasadena, CA 91125",34.1378866,-118.1247032
"San Marcos, CA 92096",33.1352287,-117.1610333
"Durham, NC 27708",35.9992263,-78.94720889999999
"Due West, SC 29639",34.3334469,-82.387902
"Normal, IL 61790",40.5102643,-88.9979584
"Oglesby, IL 61348",41.2953126,-89.0595266
"St Charles, MO 63301",38.7881062,-90.4974359
"Oxford, OH 45056",39.5069974,-84.74523099999999
"Middlebury, VT 05753",44.0153371,-73.16734
"Upper Montclair, NJ 07043",40.8411396,-74.20801019999999
"Upper Montclair, NJ 07043",40.8411396,-74.20801019999999
"New York, NY 10003",40.7322535,-73.9874105
"Stillwater, OK 74078",36.1198996,-97.0888415
"Salisbury, MD 21801",38.4001474,-75.632447
"Selinsgrove, PA 17870",40.7989735,-76.8621935
"Towson, MD 21252",39.3929109,-76.6080554
"Colorado Springs, CO 80918",38.9043608,-104.7637619
"Baltimore, MD 21250",39.2546062,-76.71200639999999
"Tacoma, WA 98416",47.2627842,-122.4814616
"Tampa, FL 33606",27.926156,-82.4563199
"Toledo, OH 43606",41.6735366,-83.624201
"Seattle, WA 98195",47.6508882,-122.3084023
"Lexington, VA 24450",37.78402080000001,-79.4428157
"Blacksburg, VA 24061",37.22094939999999,-80.42280099999999
"Blacksburg, VA 24061",37.22094939999999,-80.42280099999999
"Monmouth, OR 97361",44.8484524,-123.2339888
"Glassboro, NJ 08028",39.7017383,-75.11951069999999
"Camarillo, CA 93012",34.2163937,-119.0376023
"Sacramento, CA 95819",38.5678631,-121.4399041
"Newport News, VA 23606",37.0672839,-76.514138
"Clemson, SC 29634",34.680476,-82.8391552
"Statesboro, GA 30460",32.4259367,-81.7828033
"Statesboro, GA 30460",32.4259367,-81.7828033
"Athens, OH 45701",39.3292396,-82.1012554
"Seattle, WA 98122",47.6087583,-122.2964235
"Syracuse, NY 13244",43.04782609999999,-76.1432291
"Hilo, HI 96720",19.7241106,-155.0868193
"Tampa, FL 33606",27.926156,-82.4563199
"Tampa, FL 33606",27.926156,-82.4563199
"Tampa, FL 33606",27.926156,-82.4563199
"Tampa, FL 33606",27.926156,-82.4563199
"Oshkosh, WI 54901",44.0291228,-88.49849909999999
"Oxford, OH 45056",39.5069974,-84.74523099999999
"Las Cruces, NM 88003",32.2777551,-106.7455792
"Altoona, PA 16601",40.5203157,-78.4524591
"Queens, NY 11439",40.7213264,-73.7941163
"Atlanta, GA 30314",33.7539971,-84.412014
"Fredericksburg, VA 22401",38.3031837,-77.4605399
"Charlotte, NC 28223",35.3064021,-80.7332216
"Evansville, IN 47712",37.9344448,-87.67783779999999
"Salt Lake City, UT 84112",40.7652201,-111.8419536
"Madison, WI 53706",43.1054334,-89.42692869999999
"Staten Island, NY 10301",40.6274394,-74.0946311
"Bowling Green, KY 42101",36.9685219,-86.4808043
"Provo, UT 84602",40.2524308,-111.6502622
"Framingham, MA 01701",42.3240042,-71.4536835
"La Jolla, CA 92093",32.88435520000001,-117.2338066
"Chicago, IL 60614",41.9203468,-87.6433139
"Hastings, NE 68902",40.5860956,-98.38615130000001
"Ames, IA 50011",42.0288663,-93.64803069999999
"Framingham, MA 01701",42.3240042,-71.4536835
"San Jose, CA 95192",37.34,-121.88
"Martin, TN 38238",36.3473061,-88.8814857
"Tyler, TX 75799",32.31651,-95.25146850000002
"Kingston, RI 02881",41.4787737,-71.5219477
"Hamilton, NY 13346",42.8270136,-75.5446238
"Washington, DC 20057",38.9079399,-77.0717165
"Marlboro, VT 05344",42.8624933,-72.70380469999999
"Detroit, MI 48221",42.4349152,-83.15417959999999
"Raleigh, NC 27695",35.7850545,-78.68194489999999
"Columbus, OH 43210",39.9990626,-83.01733860000002
"Columbus, OH 43210",39.9990626,-83.01733860000002
"Manchester, NH 03106",43.0802842,-71.4536835
"Manchester, NH 03106",43.0802842,-71.4536835
"La Jolla, CA 92093",32.88435520000001,-117.2338066
"LaJolla, CA 92093",32.88435520000001,-117.2338066
"College Park, MD 20742",38.9908487,-76.944141
"Montevallo, AL 35115",33.1006746,-86.86415579999999
"Las Vegas, NV 89154",36.1451645,-115.1381487
"Greensboro, NC 27412",36.0680163,-79.80866209999999
"Fort Wayne, IN 46803",41.0714692,-85.1012477
"Newark, DE 19716",39.6673566,-75.75023139999999
"Newark, DE 19716",39.6673566,-75.75023139999999
"Charleston, SC 29424",32.7830575,-79.9365839
"Northfield, MN 55057",44.4582983,-93.161604
"East Lansing, MI 48824",42.724305,-84.4796047
"Atlanta, GA 30319",33.8730946,-84.33842899999999
"Bristol, RI 02809",41.6771101,-71.26620249999999
"Davis, CA 95616",38.5449065,-121.7405167
"Conway, AR 72035",35.0794134,-92.45608779999999
"Pittsburgh, PA 15260",40.4424402,-79.95319479999999
"Tampa, FL 33620",28.0634666,-82.4129729
"Ogden, UT 84408",41.1952366,-111.9484298
"Sherman, TX 75090",33.6005808,-96.55698819999999
"New York, NY 10010",40.7388319,-73.98153370000001
"Seaside, CA 93955",36.6216869,-121.7993168
"Lawrenceville, GA 30043",33.9963181,-84.0061661
"Hempstead, NY 11549",40.7132609,-73.62247289999999
"Kennesaw, GA 30144",34.0235914,-84.59557319999999
"Houghton, MI 49931",47.0979653,-88.5606025
"Des Plaines, IL 60016",42.0488548,-87.8844309
"Hartsville, SC 29550",34.3740431,-80.07340049999999
"Fayetteville, AR 72701",35.9980929,-94.08999109999999
"Newark, DE 19716",39.6673566,-75.75023139999999
"Los Angeles, CA 90089",34.0220127,-118.2892046
"Winston-Salem, NC 27109",36.1341553,-80.2781262
"Carson, CA 90747",33.8641714,-118.2558801
"Oxford, GA 30054",33.6190031,-83.8674051
"Fairfield, CT 06824",41.1948222,-73.28833
"Bronx, NY 10468",40.8687887,-73.8977693
"Oxford, OH 45056",39.5069974,-84.74523099999999
"Wichita Falls, TX 76308",33.8511616,-98.544636
"Mississippi State, MS 39762",33.45622,-88.79570799999999
"Emmitsburg, MD 21727",39.7045417,-77.32693069999999
"University Park, PA 16802",40.8084075,-77.8638835
"Rochester, NY 14623",43.0915814,-77.6421577
"Rochester, NY 14623",43.0915814,-77.6421577
"Stanford, CA 94305",37.4135757,-122.1689284
"Tucson, AZ 85721",32.2332841,-110.9488008
"Augusta, ME 04330",44.3106241,-69.7794897
"Memphis, TN 38152",35.1242857,-89.9360705
"Emporia, KS 66801",38.403903,-96.18166260000001
"New Britain, CT 06050",41.6645208,-72.7784261
"Wichita Falls, TX 76308",33.8511616,-98.544636
"Norfolk, VA 23529",36.8860765,-76.30805699999999
"Rapid City, SD 57701",44.14003109999999,-103.1971067
"Orlando, FL 32816",28.6013431,-81.20092869999999
"Honolulu, HI 96822",21.3175493,-157.8152491
"Boston, MA 02125",42.3157363,-71.0527482
"Vancouver, WA 98686",45.71942,-122.6212498
"Belmont, NC 28012",35.2429175,-81.037297
"Bowling Green, OH 43403",41.3780983,-83.6375032
"Plattsburgh, NY 12901",44.6994873,-73.4529124
"Canyon, TX 79016",34.9808062,-101.9155523
"Grand Junction, CO 81501",39.075059,-108.5522531
"Elon, NC 27244",36.09827620000001,-79.5115433
"Forest Grove, OR 97116",45.526998,-123.1211134
"Buffalo, NY 14260",42.8711,-78.8593199
"Swarthmore, PA 19081",39.9020565,-75.3499123
"Farmingdale, NY 11735",40.7325997,-73.4454009
"Lubbock, TX 79409",33.5886439,-101.8820434
"Utica, NY 13502",43.100903,-75.232664
"Waltham, MA 02452",42.3944416,-71.2220832
"Daytona Beach, FL 32114",29.1987957,-81.04234290000001
"Daytona Beach, FL 32114",29.1987957,-81.04234290000001
"Cambridge, MA 02138",42.3803274,-71.13891009999999
"Cambridge, MA 02138",42.3803274,-71.13891009999999
"Hattiesburg, MS 39406",31.32884159999999,-89.3315894
"Waltham, MA 02454",42.416968,-71.25249910000001
"Waltham, MA 02454",42.416968,-71.25249910000001
"Spartanburg, SC 29302",34.9190189,-81.84429340000001
"Buffalo, NY 14260",42.8711,-78.8593199
"Newark, DE 19716",39.6673566,-75.75023139999999
"Highland Heights, KY 41099",39.0350911,-84.45404839999999
"Stevens Point, WI 54481",44.52357920000001,-89.574563
"Canyon, TX 79016",34.9808062,-101.9155523
"Klamath Falls, OR 97601",42.224867,-121.7816704
"Pasadena, CA 91106",34.1456654,-118.1268976
"Princeton, NJ 08541",40.348113,-74.6600342
"Hampden-Sydney, VA 23943",37.2426032,-78.4605072
"Milwaukee, WI 53201",43.03,-87.92
"Atlanta, GA 30332",33.7700012,-84.3811458
"New York, NY 10003",40.7322535,-73.9874105
"Cleveland, OH 44106",41.5091257,-81.6089873
"Bowling Green, OH 42403",41.3747744,-83.6513229
"Oceanside, CA 92056",33.192168,-117.3028803
"Terre Haute, IN 47803",39.465825,-87.31155299999999
"Redlands, CA 92093",34.0555693,-117.1825381
"San Diego, CA 92110",32.7657318,-117.199996
"Charlottesville, VA 22904",38.0340277,-78.510016
"Haverford, PA 19041",40.0022406,-75.3208107
"Oceanside, CA 92056",33.192168,-117.3028803
"Oberlin, OH 47074",41.2939386,-82.21737859999999
"Stillwater, OK 74078",36.1198996,-97.0888415
"Hartford, CT 06106",41.743111,-72.70380469999999
"El Paso, TX 79968",31.77016069999999,-106.5047596
"St Louis, MO 63130",38.6682669,-90.32308069999999
"Mt Berry, GA 30149",34.29039,-85.1802699
"Tuscaloosa, AL 35487",33.207199,-87.5482025
"New Haven, CT 06520",41.3064267,-72.9310217
"Auburn University, AL 36849",32.5909562,-85.49297849999999
"Allendale, MI 49401",42.9674954,-85.95089229999999
"Little Rock, AR 72204",34.7179437,-92.3714901
"East Lansing, MI 40502",42.7369792,-84.48386540000001
"Auburn University, AL 36849",32.5909562,-85.49297849999999
"Fort Collins, CO 80523",40.5702631,-105.0903456
"Reading, PA 19610",40.3380072,-75.9753516
"Queens, NY 11367",40.7295546,-73.8213213
"Denton, TX 76203",33.2090389,-97.15343899999999
"Pullman, WA 99164",46.7287207,-117.1542742
"Cookeville, TN 38505",36.1755178,-85.5039271
"Cookeville, TN 38505",36.1755178,-85.5039271
"Martinez, CA 94553",38.0193657,-122.1341321
"Riverside, CA 92521",33.9756518,-117.3311106
"Bennington, VT 05201",42.8781345,-73.1967741
"Columbia, MO 65211",38.9331391,-92.3738037
"Reno, NV 89557",39.5445866,-119.8167317
"Buffalo, NY 14260",42.8711,-78.8593199
"West Haven, CT 06516",41.2705484,-72.9469711
"Pullman, WA 99164",46.7287207,-117.1542742
"Wayne, NJ 07470",40.92537249999999,-74.2765441
"Syracuse, NY 13244",43.04782609999999,-76.1432291
"Chicago, IL 60607",41.8733696,-87.650714
"Canyon, TX 79016",34.9808062,-101.9155523
"St Louis, MO 63141",38.6624944,-90.4785495
"New Orleans, LA 70118",29.9450835,-90.1261013
"New London, CT 06320",41.3631426,-72.106068
"Columbus, OH 43210",39.9990626,-83.01733860000002
"Birmingham, AL 35294",33.5075555,-86.8093239
"North Andover, MA 01845",42.69870239999999,-71.1350575
"Stillwater, OK 74078",36.1198996,-97.0888415
"Reno, NV 89557",39.5445866,-119.8167317
"New York, NY 10027",40.8138912,-73.96243270000001
"Stanford, CA 94305",37.4135757,-122.1689284
"La Jolla, CA 92093",32.88435520000001,-117.2338066
"Ann Arbor, MI 48109",42.3053253,-83.6694169
"Memphis, TN 38152",35.1242857,-89.9360705
"Auburn University, AL 36849",32.5909562,-85.49297849999999
"Muncie, IN 47306",40.1984632,-85.4136959
"Philadelphia, PA 19122",39.9795244,-75.145782
"West Haven, CT 06516",41.2705484,-72.9469711
"Berkeley, CA 94720",37.87015100000001,-122.2594606
"Newtown, PA 18940",40.2283371,-74.9322596
"Mobile, AL 36688",30.6954595,-88.174414
"Hampden-Sydney, VA 23943",37.2426032,-78.4605072
"Fredonia, NY 14063",42.4400576,-79.3317105
"Sioux Falls, SD 57197",43.5249027,-96.7380257
"Boston, MA 02215",42.3476181,-71.1002881
"San Bernardino, CA 92407",34.216765,-117.3851496
"Pittsburgh, PA 15213",40.4379259,-79.9556424
"Chicago, IL 60614",41.9203468,-87.6433139
"Boca Raton, FL 33431",26.3767589,-80.1037721
"Allendale, MI 49401",42.9674954,-85.95089229999999
"Hampden-Sydney, VA 23943",37.2426032,-78.4605072
"Hampden-Sydney, VA 23943",37.2426032,-78.4605072
"Ames, IA 50011",42.0288663,-93.64803069999999
"Kennesaw, GA 30144",34.0235914,-84.59557319999999
"Kennesaw, GA 30144",34.0235914,-84.59557319999999
"Bethlehem, PA 18015",40.5967701,-75.3761952
"Bronx, NY 10468",40.8687887,-73.8977693
"Raleigh, NC 27607",35.8019142,-78.6875364
"Oxford, OH 45056",39.5069974,-84.74523099999999
"Oxford, OH 45056",39.5069974,-84.74523099999999
"Rolla, MO 65409",37.9552246,-91.7727479
"Columbus, OH 43210",39.9990626,-83.01733860000002
"Winter Park, FL 32789",28.5950986,-81.3509416
"Winter Park, FL 32789",28.5950986,-81.3509416
"San Jose, CA 95192",37.34,-121.88
"Chicago, IL 60603",41.8809155,-87.6254251
"Syracuse, NY 13244",43.04782609999999,-76.1432291
"Philadelphia, PA 19122",39.9795244,-75.145782
"Fort Worth, TX 76129",32.7087439,-97.3617845
"Salt Lake City, UT 84112",40.7652201,-111.8419536
"Jackson, TN 38305",35.6684779,-88.7301525
"Lexington, VA 24450",37.78402080000001,-79.4428157
"Lexington, VA 24450",37.78402080000001,-79.4428157
"Canyon, TX 79016",34.9808062,-101.9155523
"Cincinnati, OH 45207",39.1405079,-84.47239
"Santa Clara, CA 95053",37.348667,-121.936645
"Providence, RI 02918",41.84267029999999,-71.4402467
"Sacramento, CA 95819",38.5678631,-121.4399041
"Gary, IN 46408",41.5412825,-87.3711477
"University Park, PA 16802",40.8084075,-77.8638835
"Philadelphia, PA 19144",40.0358382,-75.174734
"Tuscaloosa, AL 35487",33.207199,-87.5482025
"LaJolla, CA 92093",32.88435520000001,-117.2338066
"Albion, MI 49224",42.243097,-84.7530304
"Provo, UT 84602",40.2524308,-111.6502622
"Johnson City, TN 37614",36.30409,-82.36247
"McMinnville, OR 97128",45.21011619999999,-123.1987163
"Marlboro, VT 05344",42.8624933,-72.70380469999999
"Buzzards Bay, MA 02532",41.7453829,-70.618087
"Rochester, NY 14618",43.1156031,-77.55621
"Queens, NY 11367",40.7295546,-73.8213213
"Lubbock, TX 79409",33.5886439,-101.8820434
"Lubbock, TX 79409",33.5886439,-101.8820434
"Lubbock, TX 79409",33.5886439,-101.8820434
"Reno, NV 89557",39.5445866,-119.8167317
"Reno, NV 89557",39.5445866,-119.8167317
"Pittsburgh, PA 15260",40.4424402,-79.95319479999999
"Denton, TX 76201",33.2167226,-97.14132219999999
"Blaksburg, VA 24060",37.2295733,-80.4139393
"Tempe, AZ 85287",33.418294,-111.9311925
"Chattanooga, TN 37406",35.0675923,-85.26189869999999
"Tallahassee, FL 32306",30.4407853,-84.2883519
"Natchitoches, LA 71497",31.76,-93.08999999999999
"Stillwater, OK 74078",36.1198996,-97.0888415
"Queens, NY 11367",40.7295546,-73.8213213
"Cortland, NY 13045",42.6011813,-76.1804843
"Albany, NY 12222",42.6907733,-73.8279381
"San Francisco, CA 94132",37.7181398,-122.4863492
"Edwardsville, IL 62026",38.7928034,-89.9953376
"Newark, DE 19716",39.6673566,-75.75023139999999
"Denton, TX 76203",33.2090389,-97.15343899999999
"Denton, TX 76203",33.2090389,-97.15343899999999
"Notre Dame, IN 46556",41.7001908,-86.23793280000001
"Notre Dame, IN 46556",41.7001908,-86.23793280000001
"Eugene, OR 97403",44.0350489,-123.0473566
"Lexington, KY 40506",38.01961379999999,-84.4994488
"Boone, NC 28608",36.2139148,-81.6795209
"Boone, NC 28608",36.2139148,-81.6795209
"Azusa, CA 91702",34.1336186,-117.9075627
"Beloit, WI 53511",42.5083482,-89.03177649999999
"Buffalo, NY 14208",42.9174901,-78.8524199
"Aberdeen, SD 57401",45.4646985,-98.4864829
"Houston, TX 77005",29.7183467,-95.4306141
"St Bonaventure, NY 14778",42.0786337,-78.47585710000001
"Orlando, FL 32816",28.6013431,-81.20092869999999
"Dearborn, MI 48128",42.3197827,-83.27735899999999
"Aiken, SC 29801",33.5604168,-81.7195533
"West Point, NY 10996",41.39205,-73.9712488
"Orem, UT 84058",40.2814786,-111.7733902
"Valparaiso, IN 46383",41.4730948,-87.0611412
"Valparaiso, IN 46383",41.4730948,-87.0611412
"Morgantown, WV 26506",39.654181,-79.9594886
"Spokane, WA 99251",47.75285479999999,-117.4481445
"Minneapolis, MN 55454",44.9669685,-93.2409552
"Fresno, CA 93740",36.8129075,-119.7469472
"Atlanta, GA 30332",33.7700012,-84.3811458
"Atlanta, GA 30332",33.7700012,-84.3811458
"Cookeville, TN 38505",36.1755178,-85.5039271
"Merced, CA 95343",37.3670436,-120.4444046
"Greeley, CO 80639",40.4075503,-104.6857493
"Berry, GA 30149",34.290361,-85.189199
"Colorado Springs, CO 80903",38.8413423,-104.8162784
"St Paul, MN 55104",44.9516643,-93.16290629999999
"New York, NY 10004",40.7038704,-74.0138541
"Philadelphia, PA 19141",40.0397682,-75.145782
"North Andover, MA 01845",42.69870239999999,-71.1350575
"New York, NY 10003",40.7322535,-73.9874105
"Maryville, MO 64468",40.3461017,-94.8724706
"Maryville, MO 64468",40.3461017,-94.8724706
"Buffalo, NY 14222",42.9149029,-78.8750644
"Queens, NY 11439",40.7213264,-73.7941163
"Philadelphia, PA 19144",40.0358382,-75.174734
"Fayetteville, AR 72701",35.9980929,-94.08999109999999
"Irvine, CA 92697",33.6471239,-117.8421325
"Santa Cruz, CA 95064",36.9923139,-122.0581762
"Orlando, FL 32816",28.6013431,-81.20092869999999
"Boise, ID 83725",43.6054854,-116.20715
"Carson, CA 90747",33.8641714,-118.2558801
"Johnson City, TN 37614",36.30409,-82.36247
"Prescott, AZ 86301",34.5400242,-112.4685025
"Washington, DC 20007",38.9156487,-77.0737149
"La Jolla, CA 92093",32.88435520000001,-117.2338066
"Newark, DE 19716",39.6673566,-75.75023139999999
"Athens, GA 30602",33.954258,-83.37493219999999
"Hattiesburg, MS 39406",31.32884159999999,-89.3315894
"USAF Academy, CO 80840",38.9983573,-104.8617533
"Spokane, WA 99251",47.75285479999999,-117.4481445
"New York, NY 10010",40.7388319,-73.98153370000001
"Bemidji, MN 56601",47.471573,-94.8826861
"Ada, OH 45810",40.7694969,-83.8227148
"Rohnert Park, CA 94928",38.3437823,-122.7011951
"Spartanburg, SC 29301",34.9306384,-82.0189155
"Amherst, MA 01003",42.3956556,-72.52196169999999
"Amherst, MA 01003",42.3956556,-72.52196169999999
"North Dartmouth, MA 02747",41.640396,-70.9694555
"Charlottesville, VA 22904",38.0340277,-78.510016
"Richmond, VA 23284",37.5481822,-77.4533454
"East Lansing, MI 40506",42.7369792,-84.48386540000001
"Philadelphia, PA 19104",39.9583587,-75.1953934
"Fort Myers, FL 33965",26.4588273,-81.7622951
"Lawrenceville, GA 30043",33.9963181,-84.0061661
"Shreveport, LA 71115",32.2392184,-93.5205641
"New York, NY 10003",40.7322535,-73.9874105
"Edmond, OK 73034",35.7085641,-97.4165053
"Charlottesville, VA 22904",38.0340277,-78.510016
"Dayton, OH 45469",39.7395406,-84.1787904
"Ann Arbor, MI 48109",42.3053253,-83.6694169
"Tampa, FL 33606",27.926156,-82.4563199
"Austin, TX 78712",30.2835151,-97.73488049999999
"Charlottesville, VA 22904",38.0340277,-78.510016
"Rock Hill, SC 29733",34.939652,-81.03267950000001
"West Chester, PA 19380",39.9606643,-75.6054882
"West Chester, PA 19380",39.9606643,-75.6054882
"Washington, DC 20505",38.8972999,-77.0400501
"Milton, MA 02186",42.233283,-71.0854325
"Baytown, TX 77522",29.769771,-94.9693741
"Buffalo, NY 14260",42.8711,-78.8593199
"Denton, TX 76204",33.2105565,-97.1303057
"Denton, TX 76204",33.2105565,-97.1303057
"La Jolla, CA 92093",32.88435520000001,-117.2338066
"Syracuse, NY 13244",43.04782609999999,-76.1432291
"Newark, DE 19716",39.6673566,-75.75023139999999
"Chattanooga, TN 37403",35.0496723,-85.2955242
"New Britain, CT 06050",41.6645208,-72.7784261
"Cambridge, MA 02138",42.3803274,-71.13891009999999
"Cambridge, MA 02138",42.3803274,-71.13891009999999
"Huntingdon, PA 16652",40.5087323,-77.9510209
"Angola, IN 46703",41.6347726,-84.9994088
"Springfield, IL 62703",39.764682,-89.6345796
"Bend, OR 97703",44.0581728,-121.3153096
"East Stroudsburg, PA 18301",41.0030522,-75.1817547
"New York, NY 10003",40.7322535,-73.9874105
"Buffalo, NY 14260",42.8711,-78.8593199
"Galloway, NJ 08205",39.4728755,-74.4642861
"Angola, IN 46703",41.6347726,-84.9994088
"Bothell, WA 98011",47.759038,-122.202107
"Durham, NC 27708",35.9992263,-78.94720889999999
"Atlanta, GA 30332",33.7700012,-84.3811458
"Mobile, AL 36608",30.6784935,-88.3433623
"Tacoma, WA 98402",47.2529105,-122.4417426
"Long Island City, NY 11101",40.7443091,-73.9418603
"Glen Ellyn, IL 60137",41.853696,-88.0607565
"Glen Ellyn, IL 60137",41.853696,-88.0607565
"Martinez, CA 94553",38.0193657,-122.1341321
"Klamath Falls, OR 97601",42.224867,-121.7816704
"Wooster, OH 44691",40.8050565,-81.935143
"Hammond, LA 70402",30.5119792,-90.4719729
"Orono, ME 04469",44.9024546,-68.6638413
"Bronx, NY 10453",40.8515872,-73.9154069
"New York, NY 10004",40.7038704,-74.0138541
"Richmond, VA 23284",37.5481822,-77.4533454
"Stevenson, MD 21153",39.4178315,-76.7019038
"La Mirada, CA 90639",33.90528219999999,-118.0179682
"Staten Island, NY 10314",40.5952146,-74.1827119
"Mt Vernon, IA 52314",41.9219522,-91.4168371
"Middletown, CT 06459",41.558762,-72.65313139999999
"Mesa, AZ 85212",33.3312297,-111.642224
"Tacoma, WA 98402",47.2529105,-122.4417426
"Pittsburgh, PA 15213",40.4379259,-79.9556424
"Pittsburgh, PA 15213",40.4379259,-79.9556424
"New York, NY 10003",40.7322535,-73.9874105
"Stanford, CA 94305",37.4135757,-122.1689284
"Toledo, OH 43606",41.6735366,-83.624201
"Toledo, OH 43606",41.6735366,-83.624201
"Charlottesville, VA 22904",38.0340277,-78.510016
"Buffalo, NY 14260",42.8711,-78.8593199
"Chicago, IL 60637",41.7805099,-87.603826
"Kenosha, WI 53141",42.5844134,-87.8220898
"Tiffin, OH 44883",41.1144992,-83.1779746
"Terre Haute, IN 47809",39.4719224,-87.4095955
"Loudonville, NY 12211",42.7048009,-73.7548424
"Tuscaloosa, AL 35487",33.207199,-87.5482025
"Cincinnati, OH 45221",39.1325305,-84.5095304
"Romeoville, IL 60446",41.63541540000001,-88.099845
"Cincinnati, OH 45221",39.1325305,-84.5095304
"Norman, OK 73019",35.1879507,-97.4421919
"Knoxville, TN 37996",35.9433558,-83.93869910000001
"Auburn University, AL 36849",32.5909562,-85.49297849999999
"San Luis Obispo, CA 93407",35.3041998,-120.6631289
"Grinnell, IA 50112",41.74340919999999,-92.7232456
"Terre Haute, IN 47809",39.4719224,-87.4095955
"Chicago, IL 60637",41.7805099,-87.603826
"St Joseph, MO 64507",39.7305994,-94.7381013
"Stillwater, OK 74078",36.1198996,-97.0888415
"New Orleans, LA 70118",29.9450835,-90.1261013
"Chicago, IL 60607",41.8733696,-87.650714
"San Francisco, CA 94117",37.7717185,-122.4438929
"Boone, NC 28608",36.2139148,-81.6795209
"Atlanta, GA 30332",33.7700012,-84.3811458
"Hampden-Sydney, VA 23943",37.2426032,-78.4605072
"Logan, UT 84322",41.6577331,-111.8434441
"Boone, NC 28608",36.2139148,-81.6795209
"Fond du Lac, WI 54935",43.789674,-88.4306955
"Mankato, MN 56001",44.1635775,-93.99939959999999
"Pittsburgh, PA 15213",40.4379259,-79.9556424
"Pittsburgh, PA 15213",40.4379259,-79.9556424
"Pittsburgh, PA 15213",40.4379259,-79.9556424
"Baton Rouge, LA 70803",30.41,-91.17999999999999
"Boston, MA 02114",42.3652917,-71.0646337
"Baltimore, MD 21250",39.2546062,-76.71200639999999
"Baltimore, MD 21251",39.34602659999999,-76.5827767
"Newark, DE 19716",39.6673566,-75.75023139999999
"Madison, NJ 07940",40.7598227,-74.417097
"Lansing, MI 48824",42.724305,-84.4796047
"Weatherford, OK 73096",35.5261633,-98.7075744
"Storrs, CT 06269",41.8193203,-72.2511833
"Norfolk, VA 23529",36.8860765,-76.30805699999999
"Cortland, NY 13045",42.6011813,-76.1804843
"Philadelphia, PA 19122",39.9795244,-75.145782
"Reno, NV 89557",39.5445866,-119.8167317
"Worcester, MA 16100",42.2625932,-71.8022934
"Lubbock, TX 70490",33.5778631,-101.8551665
"East Lansing, MI 48824",42.724305,-84.4796047
"East Lansing, MI 48824",42.724305,-84.4796047
"East Lansing, MI 48824",42.724305,-84.4796047
"Smithfield, RI 02917",41.9036825,-71.51304449999999
"Eureka, CA 95501",40.8134774,-124.1460963
"Pittsburgh, PA 15282",40.4353635,-79.99130050000001
"Boca Raton, FL 33431",26.3767589,-80.1037721
"Allendale, MI 49401",42.9674954,-85.95089229999999
"High Point, NC 27268",35.9556923,-80.0053176
"Normal, IL 61790",40.5102643,-88.9979584
"Easton, PA 18042",40.6551234,-75.2128996
"The Woodlands, TX 77381",30.1704912,-95.509247
"Oxford, OH 45056",39.5069974,-84.74523099999999
"Middlebury, VT 05753",44.0153371,-73.16734
"Dallas, PA 18612",41.3361911,-75.9632546
"Salisbury, MD 21801",38.4001474,-75.632447
"Lubbock, TX 79409",33.5886439,-101.8820434
"Towson, MD 21252",39.3929109,-76.6080554
"Towson, MD 21252",39.3929109,-76.6080554
"Victoria, TX 77901",28.80663839999999,-96.99609249999999
"Ann Arbor, MI 48109",42.3053253,-83.6694169
"Minneapolis, MN 55455",44.97415609999999,-93.2342
"Jackson, TN 38305",35.6684779,-88.7301525
"Lexington, VA 24450",37.78402080000001,-79.4428157
"Winston-Salem, NC 27109",36.1341553,-80.2781262
"Winston-Salem, NC 27109",36.1341553,-80.2781262
"Winston-Salem, NC 27109",36.1341553,-80.2781262
"Moraga, CA 94575",37.84,-122.13
"Tallahassee, FL 32306",30.4407853,-84.2883519
"Hampden-Sydney, VA 23943",37.2426032,-78.4605072
"Baltimore, MD 21251",39.34602659999999,-76.5827767
"Moraga, CA 94575",37.84,-122.13
"La Jolla, CA 92093",32.88435520000001,-117.2338066
"Pittsburgh, PA 15260",40.4424402,-79.95319479999999
"Tempe, AZ 85287",33.418294,-111.9311925
"Thousand Oaks, CA 91360",34.2024698,-118.8741429
"Bozeman, MT 59717",45.6603986,-111.0451818
"Bozeman, MT 59717",45.6603986,-111.0451818
"University Park, PA 16802",40.8084075,-77.8638835
"Houston, TX 77002",29.752554,-95.37040089999999
"Bothell, WA 98011",47.759038,-122.202107
"Milwaukee, WI 53201",43.03,-87.92
"Laie, HI 96762",21.6482858,-157.9225549
"Buffalo, NY 14260",42.8711,-78.8593199
"Lawrence, KS 66045",38.9499492,-95.2658318
"Raleigh, NC 27695",35.7850545,-78.68194489999999
"Detroit, MI 48202",42.3664506,-83.0737195
"Duluth, MN 55811",46.8220948,-92.1865684
"Statesboro, GA 30460",32.4259367,-81.7828033
"New York, NY 10003",40.7322535,-73.9874105
"Hammond, IN 46323",41.5829905,-87.45048880000002
"Kansas City, MO 64110",39.0362552,-94.57533939999999
"Athens, GA 30602",33.954258,-83.37493219999999
"Reno, NV 89557",39.5445866,-119.8167317
"San Francisco, CA 94117",37.7717185,-122.4438929
"Valparaiso, IN 46383",41.4730948,-87.0611412
"Denton, TX 76201",33.2167226,-97.14132219999999
"Austin, TX 78704",30.24567279999999,-97.76883579999999
"Providence, RI 02912",41.8265437,-71.4013635
"Duluth, MN 55811",46.8220948,-92.1865684
"Gettysburg, PA 17325",39.8309293,-77.2310955
"Allendale, MI 49401",42.9674954,-85.95089229999999
"Birmingham, AL 35294",33.5075555,-86.8093239
"Athens, GA 30602",33.954258,-83.37493219999999
"Kapolei, HI 96707",21.3353909,-158.0568965
"Indianapolis, IN 46227",39.68016739999999,-86.1242881
"New Orleans, LA 70148",30.0311171,-90.0635827
"Madison, WI 53706",43.1054334,-89.42692869999999
"Logan, UT 84322",41.6577331,-111.8434441
"Los Angeles, CA 90032",34.0795169,-118.1766294
"Los Angeles, CA 90032",34.0795169,-118.1766294
"Seaside, CA 93955",36.6216869,-121.7993168
"Hanover, NH 03755",43.70195830000001,-72.2889045
"Hanover, NH 03755",43.70195830000001,-72.2889045
"Oxford, GA 30054",33.6190031,-83.8674051
"Franklin, IN 46131",39.4806055,-86.0549863
"Ames, IA 50011",42.0288663,-93.64803069999999
"Buffalo, NY 14260",42.8711,-78.8593199
"Edmond, OK 73034",35.7085641,-97.4165053
"Tampa, FL 33620",28.0634666,-82.4129729
"Chattanooga, TN 37403",35.0496723,-85.2955242
"Seattle, WA 98195",47.6508882,-122.3084023
"Muncie, IN 47306",40.1984632,-85.4136959
"Indianapolis, IN 46208",39.82060620000001,-86.1700894
"Clemson, SC 29634",34.680476,-82.8391552
"Hays, KS 67601",38.8791783,-99.3267702
"Ames, IA 50011",42.0288663,-93.64803069999999
"El Paso, TX 79968",31.77016069999999,-106.5047596
"El Paso, TX 79968",31.77016069999999,-106.5047596
"Madison, WI 53706",43.1054334,-89.42692869999999
"Buzzards Bay, MA 25320",41.7453829,-70.618087
"Arcata, CA 95521",40.8665166,-124.0828396
"Philadelphia, PA 19141",40.0397682,-75.145782
"Rochester, NY 14623",43.0915814,-77.6421577
"Rockford, IL 61108",42.2610481,-88.9509626
"Kansas City, MO 64110",39.0362552,-94.57533939999999
"Los Angeles, CA 90089",34.0220127,-118.2892046
"Washington, DC 20007",38.9156487,-77.0737149
"Fargo, ND 58108",46.88,-96.78999999999999
"Reading, PA 19610",40.3380072,-75.9753516
"Pullman, WA 99164",46.7287207,-117.1542742
"Hattiesburg, MS 39406",31.32884159999999,-89.3315894
"Arlington, TX 76019",32.7307465,-97.11640129999999
"Forest Grove, OR 97116",45.526998,-123.1211134
"San Marcos, TX 78666",29.8942825,-97.9810845
"Dobbs Ferry, NY 10522",41.0102232,-73.8713099
"Loudonville, NY 12211",42.7048009,-73.7548424
"Orlando, FL 32816",28.6013431,-81.20092869999999
"Lexington, KY 40506",38.01961379999999,-84.4994488
"Romeoville, IL 60446",41.63541540000001,-88.099845
"Greeley, CO 80639",40.4075503,-104.6857493
"Berea, KY 40404",37.57000000000001,-84.3
"Long Beach, CA 90840",33.7838081,-118.1206801
"Marquette, MI 49855",46.5436199,-87.3953713
"Richmond, VA 23284",37.5481822,-77.4533454
"Williamsburg, VA 23187",37.27,-76.7099999
"Winona, MN 55987",44.0553908,-91.6663523
"Santa Barbara, CA 93105",34.4208305,-119.6981901
"Babson Park, MA 02457",42.3015529,-71.266966
"Glen Ellyn, IL 60137",41.853696,-88.0607565
"Martinez, CA 94553",38.0193657,-122.1341321
"Salina, KS 67401",38.8402805,-97.61142369999999
"Bethlehem, PA 18015",40.5967701,-75.3761952
"Cortland, NY 13045",42.6011813,-76.1804843
"Pittsburg, KS 66762",37.410884,-94.70496
"Hamden, CT 06518",41.4305881,-72.9106202
"Winona, MN 55987",44.0553908,-91.6663523
"El Paso, TX 79968",31.77016069999999,-106.5047596
"San Marcos, CA 92069",33.1630271,-117.1617685
"Winchester, VA 22601",39.1856597,-78.1633341
"San Francisco, CA 94117",37.7717185,-122.4438929
"Cincinnati, OH 45207",39.1405079,-84.47239
"Fort Collins, CO 80523",40.5702631,-105.0903456
"Stanford, CA 94305",37.4135757,-122.1689284
"Tacoma, WA 98402",47.2529105,-122.4417426
"Martinez, CA 94553",38.0193657,-122.1341321
"Reading, PA 19610",40.3380072,-75.9753516
"Pullman, WA 99164",46.7287207,-117.1542742
"Miami, FL 33174",25.7616792,-80.34915989999999
"Fort Wayne, IN 46803",41.0714692,-85.1012477
"Sioux Falls, SD 57197",43.5249027,-96.7380257
"Atlanta, GA 30332",33.7700012,-84.3811458
"Terre Haute, IN 47809",39.4719224,-87.4095955
"Andover, ME 01810",42.65539740000001,-71.1461305
"Tampa, FL 33606",27.926156,-82.4563199
"Augusta, GA 30912",33.4706725,-81.9861463
"Hanover, NH 03755",43.70195830000001,-72.2889045
"Newtown, PA 18940",40.2283371,-74.9322596
"Houghton, MI 49931",47.0979653,-88.5606025
"Oceanside, CA 92056",33.192168,-117.3028803
"Orono, ME 04469",44.9024546,-68.6638413
"San Diego, CA 92110",32.7657318,-117.199996
"Monmouth, IL 61462",40.9114271,-90.64735759999999
"Towson, MD 21252",39.3929109,-76.6080554
"Fairfield, CT 06824",41.1948222,-73.28833
"Nacogdoches, TX 75962",31.6031841,-94.6550321
"Nacogdoches, TX 75962",31.6031841,-94.6550321
"USAF Academy, CO 80840",38.9983573,-104.8617533
"Athens, GA 30602",33.954258,-83.37493219999999
"Columbia, SC 29208",33.9963052,-81.027157
"New Britain, CT 06050",41.6645208,-72.7784261
"Atlanta, GA 30332",33.7700012,-84.3811458
"Roswell, NM 88201",33.3942655,-104.5230242
"Prairie View, TX 77446",30.0882915,-95.99228579999999
"Defiance, OH 43512",41.2844933,-84.3557802
"Tuscaloosa, AL 35487",33.207199,-87.5482025
"Auburn University, AL 36849",32.5909562,-85.49297849999999
"Riverside, CA 92504",33.9012386,-117.3910247
"Boston, MA 02115",42.339904,-71.0898892
"New Brunswick, NJ 08901",40.4861552,-74.45185
"New Brunswick, NJ 08901",40.4861552,-74.45185
"Buffalo, NY 14260",42.8711,-78.8593199
"Austin, TX 78712",30.2835151,-97.73488049999999
"Valdosta, GA 31698",30.8449234,-83.28504989999999
"New York, NY 10027",40.8138912,-73.96243270000001
"New Brunswick, NJ 08901",40.4861552,-74.45185
"Blue Ash, OH 45236",39.2123057,-84.4015075
"Medford, MA 02155",42.4274971,-71.10920120000002
"Pittsburgh, PA 15260",40.4424402,-79.95319479999999
"Knoxville, TN 37996",35.9433558,-83.93869910000001
"Cullowhee, NC 28723",35.3137111,-83.1765333
"Lamoni, IA 50140",40.622777,-93.9341158
"Lexington, KY 40506",38.01961379999999,-84.4994488
"Hartsville, SC 29550",34.3740431,-80.07340049999999
"New Orleans, LA 70118",29.9450835,-90.1261013
"West Point, NY 10996",41.39205,-73.9712488
"Oshkosh, WI 54901",44.0291228,-88.49849909999999
"Clinton, NY 13323",43.0484029,-75.3785034
"Berkeley, CA 94720",37.87015100000001,-122.2594606
"Augusta, GA 30912",33.4706725,-81.9861463
"New York, NY 10002",40.7135097,-73.9859414
"Newark, NJ 07103",40.7383636,-74.197388
"New London, CT 06320",41.3631426,-72.106068
"Memphis, TN 38104",35.1323787,-90.004663
"Syracuse, NY 13244",43.04782609999999,-76.1432291
"Fairfield, CT 06824",41.1948222,-73.28833
"Baton Rouge, LA 70803",30.41,-91.17999999999999
"Canton, NY 13617",44.5956163,-75.1690942
"Cedarville, OH 45314",39.74422680000001,-83.80853719999999
"Claremont, CA 91711",34.1707374,-117.702148